{"system":{"id":"039b6994-a3e7-4531-967d-d5db7fceb5eb","rev":"dfd7f48","version":"2.40.5","date":"2026-02-17T18:24:52.145+0000"},"programStages":[{"name":"BlCP Stage","created":"2026-02-17T18:24:02.521","lastUpdated":"2026-02-17T18:24:02.521","translations":[],"createdBy":{"id":"M5zQapPyTZI","code":"admin","name":"admin admin","displayName":"admin admin","username":"admin"},"lastUpdatedBy":{"id":"M5zQapPyTZI","code":"admin","name":"admin admin","displayName":"admin admin","username":"admin"},"sharing":{"owner":"M5zQapPyTZI","external":false,"users":{},"userGroups":{},"public":"--------"},"minDaysFromStart":0,"program":{"id":"Hzvmw7iaHUV"},"programStageDataElements":[],"executionDateLabel":"Visit date","autoGenerateEvent":false,"validationStrategy":"ON_COMPLETE","displayGenerateEventBox":false,"blockEntryForm":false,"preGenerateUID":false,"remindCompleted":false,"generatedByEnrollmentDate":false,"allowGenerateNextVisit":false,"openAfterEnrollment":false,"sortOrder":1,"hideDueDate":true,"enableUserAssignment":false,"referral":false,"repeatable":true,"id":"RHep42WaO05","attributeValues":[],"programStageSections":[],"notificationTemplates":[]},{"name":"BlCP Stage","created":"2026-02-17T18:24:02.521","lastUpdated":"2026-02-17T18:24:02.521","translations":[],"createdBy":{"id":"M5zQapPyTZI","code":"admin","name":"admin admin","displayName":"admin admin","username":"admin"},"lastUpdatedBy":{"id":"M5zQapPyTZI","code":"admin","name":"admin admin","displayName":"admin admin","username":"admin"},"sharing":{"owner":"M5zQapPyTZI","external":false,"users":{},"userGroups":{},"public":"--------"},"minDaysFromStart":0,"program":{"id":"Hzvmw7iaHUV"},"programStageDataElements":[],"executionDateLabel":"Visit date","autoGenerateEvent":false,"validationStrategy":"ON_COMPLETE","displayGenerateEventBox":false,"blockEntryForm":false,"preGenerateUID":false,"remindCompleted":false,"generatedByEnrollmentDate":false,"allowGenerateNextVisit":false,"openAfterEnrollment":false,"sortOrder":2,"hideDueDate":true,"enableUserAssignment":false,"referral":false,"repeatable":true,"id":"kDrpGOzZm1h","attributeValues":[],"programStageSections":[],"notificationTemplates":[]},{"name":"BlCP Stage","created":"2026-02-17T18:24:02.521","lastUpdated":"2026-02-17T18:24:02.521","translations":[],"createdBy":{"id":"M5zQapPyTZI","code":"admin","name":"admin admin","displayName":"admin admin","username":"admin"},"lastUpdatedBy":{"id":"M5zQapPyTZI","code":"admin","name":"admin admin","displayName":"admin admin","username":"admin"},"sharing":{"owner":"M5zQapPyTZI","external":false,"users":{},"userGroups":{},"public":"--------"},"minDaysFromStart":0,"program":{"id":"Hzvmw7iaHUV"},"programStageDataElements":[],"executionDateLabel":"Visit date","autoGenerateEvent":false,"validationStrategy":"ON_COMPLETE","displayGenerateEventBox":false,"blockEntryForm":false,"preGenerateUID":false,"remindCompleted":false,"generatedByEnrollmentDate":false,"allowGenerateNextVisit":false,"openAfterEnrollment":false,"sortOrder":3,"hideDueDate":true,"enableUserAssignment":false,"referral":false,"repeatable":true,"id":"ePob4umrP0G","attributeValues":[],"programStageSections":[],"notificationTemplates":[]},{"name":"BlCP Stage","created":"2026-02-17T18:24:02.521","lastUpdated":"2026-02-17T18:24:02.521","translations":[],"createdBy":{"id":"M5zQapPyTZI","code":"admin","name":"admin admin","displayName":"admin admin","username":"admin"},"lastUpdatedBy":{"id":"M5zQapPyTZI","code":"admin","name":"admin admin","displayName":"admin admin","username":"admin"},"sharing":{"owner":"M5zQapPyTZI","external":false,"users":{},"userGroups":{},"public":"--------"},"minDaysFromStart":0,"program":{"id":"Hzvmw7iaHUV"},"programStageDataElements":[],"executionDateLabel":"Visit date","autoGenerateEvent":false,"validationStrategy":"ON_COMPLETE","displayGenerateEventBox":false,"blockEntryForm":false,"preGenerateUID":false,"remindCompleted":false,"generatedByEnrollmentDate":false,"allowGenerateNextVisit":false,"openAfterEnrollment":false,"sortOrder":4,"hideDueDate":true,"enableUserAssignment":false,"referral":false,"repeatable":true,"id":"w9kL55yik7b","attributeValues":[],"programStageSections":[],"notificationTemplates":[]},{"name":"BCP Stage","created":"2026-02-17T18:24:02.521","lastUpdated":"2026-02-17T18:24:02.521","translations":[],"createdBy":{"id":"M5zQapPyTZI","code":"admin","name":"admin admin","displayName":"admin admin","username":"admin"},"lastUpdatedBy":{"id":"M5zQapPyTZI","code":"admin","name":"admin admin","displayName":"admin admin","username":"admin"},"sharing":{"owner":"M5zQapPyTZI","external":false,"users":{},"userGroups":{},"public":"--------"},"minDaysFromStart":0,"program":{"id":"mBPT3WTiyAj"},"programStageDataElements":[],"executionDateLabel":"Visit date","autoGenerateEvent":false,"validationStrategy":"ON_COMPLETE","displayGenerateEventBox":false,"blockEntryForm":false,"preGenerateUID":false,"remindCompleted":false,"generatedByEnrollmentDate":false,"allowGenerateNextVisit":false,"openAfterEnrollment":false,"sortOrder":1,"hideDueDate":true,"enableUserAssignment":false,"referral":false,"repeatable":true,"id":"JvFmgCdMfOT","attributeValues":[],"programStageSections":[],"notificationTemplates":[]},{"name":"BCP Stage","created":"2026-02-17T18:24:02.521","lastUpdated":"2026-02-17T18:24:02.521","translations":[],"createdBy":{"id":"M5zQapPyTZI","code":"admin","name":"admin admin","displayName":"admin admin","username":"admin"},"lastUpdatedBy":{"id":"M5zQapPyTZI","code":"admin","name":"admin admin","displayName":"admin admin","username":"admin"},"sharing":{"owner":"M5zQapPyTZI","external":false,"users":{},"userGroups":{},"public":"--------"},"minDaysFromStart":0,"program":{"id":"mBPT3WTiyAj"},"programStageDataElements":[],"executionDateLabel":"Visit date","autoGenerateEvent":false,"validationStrategy":"ON_COMPLETE","displayGenerateEventBox":false,"blockEntryForm":false,"preGenerateUID":false,"remindCompleted":false,"generatedByEnrollmentDate":false,"allowGenerateNextVisit":false,"openAfterEnrollment":false,"sortOrder":2,"hideDueDate":true,"enableUserAssignment":false,"referral":false,"repeatable":true,"id":"Q3va39lfuaq","attributeValues":[],"programStageSections":[],"notificationTemplates":[]},{"name":"BCP Stage","created":"2026-02-17T18:24:02.521","lastUpdated":"2026-02-17T18:24:02.521","translations":[],"createdBy":{"id":"M5zQapPyTZI","code":"admin","name":"admin admin","displayName":"admin admin","username":"admin"},"lastUpdatedBy":{"id":"M5zQapPyTZI","code":"admin","name":"admin admin","displayName":"admin admin","username":"admin"},"sharing":{"owner":"M5zQapPyTZI","external":false,"users":{},"userGroups":{},"public":"--------"},"minDaysFromStart":0,"program":{"id":"mBPT3WTiyAj"},"programStageDataElements":[],"executionDateLabel":"Visit date","autoGenerateEvent":false,"validationStrategy":"ON_COMPLETE","displayGenerateEventBox":false,"blockEntryForm":false,"preGenerateUID":false,"remindCompleted":false,"generatedByEnrollmentDate":false,"allowGenerateNextVisit":false,"openAfterEnrollment":false,"sortOrder":3,"hideDueDate":true,"enableUserAssignment":false,"referral":false,"repeatable":true,"id":"pYzFjG2YRQ4","attributeValues":[],"programStageSections":[],"notificationTemplates":[]},{"name":"BCP Stage","created":"2026-02-17T18:24:02.521","lastUpdated":"2026-02-17T18:24:02.521","translations":[],"createdBy":{"id":"M5zQapPyTZI","code":"admin","name":"admin admin","displayName":"admin admin","username":"admin"},"lastUpdatedBy":{"id":"M5zQapPyTZI","code":"admin","name":"admin admin","displayName":"admin admin","username":"admin"},"sharing":{"owner":"M5zQapPyTZI","external":false,"users":{},"userGroups":{},"public":"--------"},"minDaysFromStart":0,"program":{"id":"mBPT3WTiyAj"},"programStageDataElements":[],"executionDateLabel":"Visit date","autoGenerateEvent":false,"validationStrategy":"ON_COMPLETE","displayGenerateEventBox":false,"blockEntryForm":false,"preGenerateUID":false,"remindCompleted":false,"generatedByEnrollmentDate":false,"allowGenerateNextVisit":false,"openAfterEnrollment":false,"sortOrder":4,"hideDueDate":true,"enableUserAssignment":false,"referral":false,"repeatable":true,"id":"kvOGStpaX34","attributeValues":[],"programStageSections":[],"notificationTemplates":[]},{"name":"CRC Stage","created":"2026-02-17T18:24:02.521","lastUpdated":"2026-02-17T18:24:02.521","translations":[],"createdBy":{"id":"M5zQapPyTZI","code":"admin","name":"admin admin","displayName":"admin admin","username":"admin"},"lastUpdatedBy":{"id":"M5zQapPyTZI","code":"admin","name":"admin admin","displayName":"admin admin","username":"admin"},"sharing":{"owner":"M5zQapPyTZI","external":false,"users":{},"userGroups":{},"public":"--------"},"minDaysFromStart":0,"program":{"id":"Wt3H5MQlgUf"},"programStageDataElements":[],"executionDateLabel":"Visit date","autoGenerateEvent":false,"validationStrategy":"ON_COMPLETE","displayGenerateEventBox":false,"blockEntryForm":false,"preGenerateUID":false,"remindCompleted":false,"generatedByEnrollmentDate":false,"allowGenerateNextVisit":false,"openAfterEnrollment":false,"sortOrder":1,"hideDueDate":true,"enableUserAssignment":false,"referral":false,"repeatable":true,"id":"iKMXO1oxSSH","attributeValues":[],"programStageSections":[],"notificationTemplates":[]},{"name":"CRC Stage","created":"2026-02-17T18:24:02.521","lastUpdated":"2026-02-17T18:24:02.521","translations":[],"createdBy":{"id":"M5zQapPyTZI","code":"admin","name":"admin admin","displayName":"admin admin","username":"admin"},"lastUpdatedBy":{"id":"M5zQapPyTZI","code":"admin","name":"admin admin","displayName":"admin admin","username":"admin"},"sharing":{"owner":"M5zQapPyTZI","external":false,"users":{},"userGroups":{},"public":"--------"},"minDaysFromStart":0,"program":{"id":"Wt3H5MQlgUf"},"programStageDataElements":[],"executionDateLabel":"Visit date","autoGenerateEvent":false,"validationStrategy":"ON_COMPLETE","displayGenerateEventBox":false,"blockEntryForm":false,"preGenerateUID":false,"remindCompleted":false,"generatedByEnrollmentDate":false,"allowGenerateNextVisit":false,"openAfterEnrollment":false,"sortOrder":2,"hideDueDate":true,"enableUserAssignment":false,"referral":false,"repeatable":true,"id":"LX9ynCz5W9g","attributeValues":[],"programStageSections":[],"notificationTemplates":[]},{"name":"CRC Stage","created":"2026-02-17T18:24:02.521","lastUpdated":"2026-02-17T18:24:02.521","translations":[],"createdBy":{"id":"M5zQapPyTZI","code":"admin","name":"admin admin","displayName":"admin admin","username":"admin"},"lastUpdatedBy":{"id":"M5zQapPyTZI","code":"admin","name":"admin admin","displayName":"admin admin","username":"admin"},"sharing":{"owner":"M5zQapPyTZI","external":false,"users":{},"userGroups":{},"public":"--------"},"minDaysFromStart":0,"program":{"id":"Wt3H5MQlgUf"},"programStageDataElements":[],"executionDateLabel":"Visit date","autoGenerateEvent":false,"validationStrategy":"ON_COMPLETE","displayGenerateEventBox":false,"blockEntryForm":false,"preGenerateUID":false,"remindCompleted":false,"generatedByEnrollmentDate":false,"allowGenerateNextVisit":false,"openAfterEnrollment":false,"sortOrder":3,"hideDueDate":true,"enableUserAssignment":false,"referral":false,"repeatable":true,"id":"SRI4RwP1fBq","attributeValues":[],"programStageSections":[],"notificationTemplates":[]},{"name":"CRC Stage","created":"2026-02-17T18:24:02.521","lastUpdated":"2026-02-17T18:24:02.521","translations":[],"createdBy":{"id":"M5zQapPyTZI","code":"admin","name":"admin admin","displayName":"admin admin","username":"admin"},"lastUpdatedBy":{"id":"M5zQapPyTZI","code":"admin","name":"admin admin","displayName":"admin admin","username":"admin"},"sharing":{"owner":"M5zQapPyTZI","external":false,"users":{},"userGroups":{},"public":"--------"},"minDaysFromStart":0,"program":{"id":"Wt3H5MQlgUf"},"programStageDataElements":[],"executionDateLabel":"Visit date","autoGenerateEvent":false,"validationStrategy":"ON_COMPLETE","displayGenerateEventBox":false,"blockEntryForm":false,"preGenerateUID":false,"remindCompleted":false,"generatedByEnrollmentDate":false,"allowGenerateNextVisit":false,"openAfterEnrollment":false,"sortOrder":4,"hideDueDate":true,"enableUserAssignment":false,"referral":false,"repeatable":true,"id":"Tvuq1CP3PGY","attributeValues":[],"programStageSections":[],"notificationTemplates":[]},{"name":"ECP Stage","created":"2026-02-17T18:24:02.521","lastUpdated":"2026-02-17T18:24:02.521","translations":[],"createdBy":{"id":"M5zQapPyTZI","code":"admin","name":"admin admin","displayName":"admin admin","username":"admin"},"lastUpdatedBy":{"id":"M5zQapPyTZI","code":"admin","name":"admin admin","displayName":"admin admin","username":"admin"},"sharing":{"owner":"M5zQapPyTZI","external":false,"users":{},"userGroups":{},"public":"--------"},"minDaysFromStart":0,"program":{"id":"y5LoqBEbJBH"},"programStageDataElements":[],"executionDateLabel":"Visit date","autoGenerateEvent":false,"validationStrategy":"ON_COMPLETE","displayGenerateEventBox":false,"blockEntryForm":false,"preGenerateUID":false,"remindCompleted":false,"generatedByEnrollmentDate":false,"allowGenerateNextVisit":false,"openAfterEnrollment":false,"sortOrder":1,"hideDueDate":true,"enableUserAssignment":false,"referral":false,"repeatable":true,"id":"gXsoh0xeqvd","attributeValues":[],"programStageSections":[],"notificationTemplates":[]},{"name":"ECP Stage","created":"2026-02-17T18:24:02.521","lastUpdated":"2026-02-17T18:24:02.521","translations":[],"createdBy":{"id":"M5zQapPyTZI","code":"admin","name":"admin admin","displayName":"admin admin","username":"admin"},"lastUpdatedBy":{"id":"M5zQapPyTZI","code":"admin","name":"admin admin","displayName":"admin admin","username":"admin"},"sharing":{"owner":"M5zQapPyTZI","external":false,"users":{},"userGroups":{},"public":"--------"},"minDaysFromStart":0,"program":{"id":"y5LoqBEbJBH"},"programStageDataElements":[],"executionDateLabel":"Visit date","autoGenerateEvent":false,"validationStrategy":"ON_COMPLETE","displayGenerateEventBox":false,"blockEntryForm":false,"preGenerateUID":false,"remindCompleted":false,"generatedByEnrollmentDate":false,"allowGenerateNextVisit":false,"openAfterEnrollment":false,"sortOrder":2,"hideDueDate":true,"enableUserAssignment":false,"referral":false,"repeatable":true,"id":"r5K9nwOybzK","attributeValues":[],"programStageSections":[],"notificationTemplates":[]},{"name":"ECP Stage","created":"2026-02-17T18:24:02.521","lastUpdated":"2026-02-17T18:24:02.521","translations":[],"createdBy":{"id":"M5zQapPyTZI","code":"admin","name":"admin admin","displayName":"admin admin","username":"admin"},"lastUpdatedBy":{"id":"M5zQapPyTZI","code":"admin","name":"admin admin","displayName":"admin admin","username":"admin"},"sharing":{"owner":"M5zQapPyTZI","external":false,"users":{},"userGroups":{},"public":"--------"},"minDaysFromStart":0,"program":{"id":"y5LoqBEbJBH"},"programStageDataElements":[],"executionDateLabel":"Visit date","autoGenerateEvent":false,"validationStrategy":"ON_COMPLETE","displayGenerateEventBox":false,"blockEntryForm":false,"preGenerateUID":false,"remindCompleted":false,"generatedByEnrollmentDate":false,"allowGenerateNextVisit":false,"openAfterEnrollment":false,"sortOrder":3,"hideDueDate":true,"enableUserAssignment":false,"referral":false,"repeatable":true,"id":"BL1T66uQ0O1","attributeValues":[],"programStageSections":[],"notificationTemplates":[]},{"name":"ECP Stage","created":"2026-02-17T18:24:02.521","lastUpdated":"2026-02-17T18:24:02.521","translations":[],"createdBy":{"id":"M5zQapPyTZI","code":"admin","name":"admin admin","displayName":"admin admin","username":"admin"},"lastUpdatedBy":{"id":"M5zQapPyTZI","code":"admin","name":"admin admin","displayName":"admin admin","username":"admin"},"sharing":{"owner":"M5zQapPyTZI","external":false,"users":{},"userGroups":{},"public":"--------"},"minDaysFromStart":0,"program":{"id":"y5LoqBEbJBH"},"programStageDataElements":[],"executionDateLabel":"Visit date","autoGenerateEvent":false,"validationStrategy":"ON_COMPLETE","displayGenerateEventBox":false,"blockEntryForm":false,"preGenerateUID":false,"remindCompleted":false,"generatedByEnrollmentDate":false,"allowGenerateNextVisit":false,"openAfterEnrollment":false,"sortOrder":4,"hideDueDate":true,"enableUserAssignment":false,"referral":false,"repeatable":true,"id":"gwE80PE5KSp","attributeValues":[],"programStageSections":[],"notificationTemplates":[]},{"name":"KSCP Stage","created":"2026-02-17T18:24:02.521","lastUpdated":"2026-02-17T18:24:02.521","translations":[],"createdBy":{"id":"M5zQapPyTZI","code":"admin","name":"admin admin","displayName":"admin admin","username":"admin"},"lastUpdatedBy":{"id":"M5zQapPyTZI","code":"admin","name":"admin admin","displayName":"admin admin","username":"admin"},"sharing":{"owner":"M5zQapPyTZI","external":false,"users":{},"userGroups":{},"public":"--------"},"minDaysFromStart":0,"program":{"id":"QqqEYqUE0vu"},"programStageDataElements":[],"executionDateLabel":"Visit date","autoGenerateEvent":false,"validationStrategy":"ON_COMPLETE","displayGenerateEventBox":false,"blockEntryForm":false,"preGenerateUID":false,"remindCompleted":false,"generatedByEnrollmentDate":false,"allowGenerateNextVisit":false,"openAfterEnrollment":false,"sortOrder":1,"hideDueDate":true,"enableUserAssignment":false,"referral":false,"repeatable":true,"id":"WxSC1AcI4Fb","attributeValues":[],"programStageSections":[],"notificationTemplates":[]},{"name":"KSCP Stage","created":"2026-02-17T18:24:02.521","lastUpdated":"2026-02-17T18:24:02.521","translations":[],"createdBy":{"id":"M5zQapPyTZI","code":"admin","name":"admin admin","displayName":"admin admin","username":"admin"},"lastUpdatedBy":{"id":"M5zQapPyTZI","code":"admin","name":"admin admin","displayName":"admin admin","username":"admin"},"sharing":{"owner":"M5zQapPyTZI","external":false,"users":{},"userGroups":{},"public":"--------"},"minDaysFromStart":0,"program":{"id":"QqqEYqUE0vu"},"programStageDataElements":[],"executionDateLabel":"Visit date","autoGenerateEvent":false,"validationStrategy":"ON_COMPLETE","displayGenerateEventBox":false,"blockEntryForm":false,"preGenerateUID":false,"remindCompleted":false,"generatedByEnrollmentDate":false,"allowGenerateNextVisit":false,"openAfterEnrollment":false,"sortOrder":2,"hideDueDate":true,"enableUserAssignment":false,"referral":false,"repeatable":true,"id":"WdF8gs7VI6k","attributeValues":[],"programStageSections":[],"notificationTemplates":[]},{"name":"KSCP Stage","created":"2026-02-17T18:24:02.521","lastUpdated":"2026-02-17T18:24:02.521","translations":[],"createdBy":{"id":"M5zQapPyTZI","code":"admin","name":"admin admin","displayName":"admin admin","username":"admin"},"lastUpdatedBy":{"id":"M5zQapPyTZI","code":"admin","name":"admin admin","displayName":"admin admin","username":"admin"},"sharing":{"owner":"M5zQapPyTZI","external":false,"users":{},"userGroups":{},"public":"--------"},"minDaysFromStart":0,"program":{"id":"QqqEYqUE0vu"},"programStageDataElements":[],"executionDateLabel":"Visit date","autoGenerateEvent":false,"validationStrategy":"ON_COMPLETE","displayGenerateEventBox":false,"blockEntryForm":false,"preGenerateUID":false,"remindCompleted":false,"generatedByEnrollmentDate":false,"allowGenerateNextVisit":false,"openAfterEnrollment":false,"sortOrder":3,"hideDueDate":true,"enableUserAssignment":false,"referral":false,"repeatable":true,"id":"ymeJ39037qP","attributeValues":[],"programStageSections":[],"notificationTemplates":[]},{"name":"KSCP Stage","created":"2026-02-17T18:24:02.521","lastUpdated":"2026-02-17T18:24:02.521","translations":[],"createdBy":{"id":"M5zQapPyTZI","code":"admin","name":"admin admin","displayName":"admin admin","username":"admin"},"lastUpdatedBy":{"id":"M5zQapPyTZI","code":"admin","name":"admin admin","displayName":"admin admin","username":"admin"},"sharing":{"owner":"M5zQapPyTZI","external":false,"users":{},"userGroups":{},"public":"--------"},"minDaysFromStart":0,"program":{"id":"QqqEYqUE0vu"},"programStageDataElements":[],"executionDateLabel":"Visit date","autoGenerateEvent":false,"validationStrategy":"ON_COMPLETE","displayGenerateEventBox":false,"blockEntryForm":false,"preGenerateUID":false,"remindCompleted":false,"generatedByEnrollmentDate":false,"allowGenerateNextVisit":false,"openAfterEnrollment":false,"sortOrder":4,"hideDueDate":true,"enableUserAssignment":false,"referral":false,"repeatable":true,"id":"aGxo0weW3OS","attributeValues":[],"programStageSections":[],"notificationTemplates":[]},{"name":"KCP Stage","created":"2026-02-17T18:24:02.521","lastUpdated":"2026-02-17T18:24:02.521","translations":[],"createdBy":{"id":"M5zQapPyTZI","code":"admin","name":"admin admin","displayName":"admin admin","username":"admin"},"lastUpdatedBy":{"id":"M5zQapPyTZI","code":"admin","name":"admin admin","displayName":"admin admin","username":"admin"},"sharing":{"owner":"M5zQapPyTZI","external":false,"users":{},"userGroups":{},"public":"--------"},"minDaysFromStart":0,"program":{"id":"WzqxxTZje5E"},"programStageDataElements":[],"executionDateLabel":"Visit date","autoGenerateEvent":false,"validationStrategy":"ON_COMPLETE","displayGenerateEventBox":false,"blockEntryForm":false,"preGenerateUID":false,"remindCompleted":false,"generatedByEnrollmentDate":false,"allowGenerateNextVisit":false,"openAfterEnrollment":false,"sortOrder":1,"hideDueDate":true,"enableUserAssignment":false,"referral":false,"repeatable":true,"id":"iR9VFGckarW","attributeValues":[],"programStageSections":[],"notificationTemplates":[]},{"name":"KCP Stage","created":"2026-02-17T18:24:02.521","lastUpdated":"2026-02-17T18:24:02.521","translations":[],"createdBy":{"id":"M5zQapPyTZI","code":"admin","name":"admin admin","displayName":"admin admin","username":"admin"},"lastUpdatedBy":{"id":"M5zQapPyTZI","code":"admin","name":"admin admin","displayName":"admin admin","username":"admin"},"sharing":{"owner":"M5zQapPyTZI","external":false,"users":{},"userGroups":{},"public":"--------"},"minDaysFromStart":0,"program":{"id":"WzqxxTZje5E"},"programStageDataElements":[],"executionDateLabel":"Visit date","autoGenerateEvent":false,"validationStrategy":"ON_COMPLETE","displayGenerateEventBox":false,"blockEntryForm":false,"preGenerateUID":false,"remindCompleted":false,"generatedByEnrollmentDate":false,"allowGenerateNextVisit":false,"openAfterEnrollment":false,"sortOrder":2,"hideDueDate":true,"enableUserAssignment":false,"referral":false,"repeatable":true,"id":"JndpbJBB8gC","attributeValues":[],"programStageSections":[],"notificationTemplates":[]},{"name":"KCP Stage","created":"2026-02-17T18:24:02.521","lastUpdated":"2026-02-17T18:24:02.521","translations":[],"createdBy":{"id":"M5zQapPyTZI","code":"admin","name":"admin admin","displayName":"admin admin","username":"admin"},"lastUpdatedBy":{"id":"M5zQapPyTZI","code":"admin","name":"admin admin","displayName":"admin admin","username":"admin"},"sharing":{"owner":"M5zQapPyTZI","external":false,"users":{},"userGroups":{},"public":"--------"},"minDaysFromStart":0,"program":{"id":"WzqxxTZje5E"},"programStageDataElements":[],"executionDateLabel":"Visit date","autoGenerateEvent":false,"validationStrategy":"ON_COMPLETE","displayGenerateEventBox":false,"blockEntryForm":false,"preGenerateUID":false,"remindCompleted":false,"generatedByEnrollmentDate":false,"allowGenerateNextVisit":false,"openAfterEnrollment":false,"sortOrder":3,"hideDueDate":true,"enableUserAssignment":false,"referral":false,"repeatable":true,"id":"FoiIPDpKV5O","attributeValues":[],"programStageSections":[],"notificationTemplates":[]},{"name":"KCP Stage","created":"2026-02-17T18:24:02.521","lastUpdated":"2026-02-17T18:24:02.521","translations":[],"createdBy":{"id":"M5zQapPyTZI","code":"admin","name":"admin admin","displayName":"admin admin","username":"admin"},"lastUpdatedBy":{"id":"M5zQapPyTZI","code":"admin","name":"admin admin","displayName":"admin admin","username":"admin"},"sharing":{"owner":"M5zQapPyTZI","external":false,"users":{},"userGroups":{},"public":"--------"},"minDaysFromStart":0,"program":{"id":"WzqxxTZje5E"},"programStageDataElements":[],"executionDateLabel":"Visit date","autoGenerateEvent":false,"validationStrategy":"ON_COMPLETE","displayGenerateEventBox":false,"blockEntryForm":false,"preGenerateUID":false,"remindCompleted":false,"generatedByEnrollmentDate":false,"allowGenerateNextVisit":false,"openAfterEnrollment":false,"sortOrder":4,"hideDueDate":true,"enableUserAssignment":false,"referral":false,"repeatable":true,"id":"nQEwGiLF57E","attributeValues":[],"programStageSections":[],"notificationTemplates":[]},{"name":"LeukCP Stage","created":"2026-02-17T18:24:02.521","lastUpdated":"2026-02-17T18:24:02.521","translations":[],"createdBy":{"id":"M5zQapPyTZI","code":"admin","name":"admin admin","displayName":"admin admin","username":"admin"},"lastUpdatedBy":{"id":"M5zQapPyTZI","code":"admin","name":"admin admin","displayName":"admin admin","username":"admin"},"sharing":{"owner":"M5zQapPyTZI","external":false,"users":{},"userGroups":{},"public":"--------"},"minDaysFromStart":0,"program":{"id":"WZGXFKPvN8a"},"programStageDataElements":[],"executionDateLabel":"Visit date","autoGenerateEvent":false,"validationStrategy":"ON_COMPLETE","displayGenerateEventBox":false,"blockEntryForm":false,"preGenerateUID":false,"remindCompleted":false,"generatedByEnrollmentDate":false,"allowGenerateNextVisit":false,"openAfterEnrollment":false,"sortOrder":1,"hideDueDate":true,"enableUserAssignment":false,"referral":false,"repeatable":true,"id":"YIn4wEey5ts","attributeValues":[],"programStageSections":[],"notificationTemplates":[]},{"name":"LeukCP Stage","created":"2026-02-17T18:24:02.521","lastUpdated":"2026-02-17T18:24:02.521","translations":[],"createdBy":{"id":"M5zQapPyTZI","code":"admin","name":"admin admin","displayName":"admin admin","username":"admin"},"lastUpdatedBy":{"id":"M5zQapPyTZI","code":"admin","name":"admin admin","displayName":"admin admin","username":"admin"},"sharing":{"owner":"M5zQapPyTZI","external":false,"users":{},"userGroups":{},"public":"--------"},"minDaysFromStart":0,"program":{"id":"WZGXFKPvN8a"},"programStageDataElements":[],"executionDateLabel":"Visit date","autoGenerateEvent":false,"validationStrategy":"ON_COMPLETE","displayGenerateEventBox":false,"blockEntryForm":false,"preGenerateUID":false,"remindCompleted":false,"generatedByEnrollmentDate":false,"allowGenerateNextVisit":false,"openAfterEnrollment":false,"sortOrder":2,"hideDueDate":true,"enableUserAssignment":false,"referral":false,"repeatable":true,"id":"JOFELN08bNP","attributeValues":[],"programStageSections":[],"notificationTemplates":[]},{"name":"LeukCP Stage","created":"2026-02-17T18:24:02.521","lastUpdated":"2026-02-17T18:24:02.521","translations":[],"createdBy":{"id":"M5zQapPyTZI","code":"admin","name":"admin admin","displayName":"admin admin","username":"admin"},"lastUpdatedBy":{"id":"M5zQapPyTZI","code":"admin","name":"admin admin","displayName":"admin admin","username":"admin"},"sharing":{"owner":"M5zQapPyTZI","external":false,"users":{},"userGroups":{},"public":"--------"},"minDaysFromStart":0,"program":{"id":"WZGXFKPvN8a"},"programStageDataElements":[],"executionDateLabel":"Visit date","autoGenerateEvent":false,"validationStrategy":"ON_COMPLETE","displayGenerateEventBox":false,"blockEntryForm":false,"preGenerateUID":false,"remindCompleted":false,"generatedByEnrollmentDate":false,"allowGenerateNextVisit":false,"openAfterEnrollment":false,"sortOrder":3,"hideDueDate":true,"enableUserAssignment":false,"referral":false,"repeatable":true,"id":"o35Y9IfEjKR","attributeValues":[],"programStageSections":[],"notificationTemplates":[]},{"name":"LeukCP Stage","created":"2026-02-17T18:24:02.521","lastUpdated":"2026-02-17T18:24:02.521","translations":[],"createdBy":{"id":"M5zQapPyTZI","code":"admin","name":"admin admin","displayName":"admin admin","username":"admin"},"lastUpdatedBy":{"id":"M5zQapPyTZI","code":"admin","name":"admin admin","displayName":"admin admin","username":"admin"},"sharing":{"owner":"M5zQapPyTZI","external":false,"users":{},"userGroups":{},"public":"--------"},"minDaysFromStart":0,"program":{"id":"WZGXFKPvN8a"},"programStageDataElements":[],"executionDateLabel":"Visit date","autoGenerateEvent":false,"validationStrategy":"ON_COMPLETE","displayGenerateEventBox":false,"blockEntryForm":false,"preGenerateUID":false,"remindCompleted":false,"generatedByEnrollmentDate":false,"allowGenerateNextVisit":false,"openAfterEnrollment":false,"sortOrder":4,"hideDueDate":true,"enableUserAssignment":false,"referral":false,"repeatable":true,"id":"gOXnQsIEt9f","attributeValues":[],"programStageSections":[],"notificationTemplates":[]},{"name":"LiverCP Stage","created":"2026-02-17T18:24:02.521","lastUpdated":"2026-02-17T18:24:02.521","translations":[],"createdBy":{"id":"M5zQapPyTZI","code":"admin","name":"admin admin","displayName":"admin admin","username":"admin"},"lastUpdatedBy":{"id":"M5zQapPyTZI","code":"admin","name":"admin admin","displayName":"admin admin","username":"admin"},"sharing":{"owner":"M5zQapPyTZI","external":false,"users":{},"userGroups":{},"public":"--------"},"minDaysFromStart":0,"program":{"id":"KERBJ5J8Duq"},"programStageDataElements":[],"executionDateLabel":"Visit date","autoGenerateEvent":false,"validationStrategy":"ON_COMPLETE","displayGenerateEventBox":false,"blockEntryForm":false,"preGenerateUID":false,"remindCompleted":false,"generatedByEnrollmentDate":false,"allowGenerateNextVisit":false,"openAfterEnrollment":false,"sortOrder":1,"hideDueDate":true,"enableUserAssignment":false,"referral":false,"repeatable":true,"id":"eGPffTJ0LbM","attributeValues":[],"programStageSections":[],"notificationTemplates":[]},{"name":"LiverCP Stage","created":"2026-02-17T18:24:02.521","lastUpdated":"2026-02-17T18:24:02.521","translations":[],"createdBy":{"id":"M5zQapPyTZI","code":"admin","name":"admin admin","displayName":"admin admin","username":"admin"},"lastUpdatedBy":{"id":"M5zQapPyTZI","code":"admin","name":"admin admin","displayName":"admin admin","username":"admin"},"sharing":{"owner":"M5zQapPyTZI","external":false,"users":{},"userGroups":{},"public":"--------"},"minDaysFromStart":0,"program":{"id":"KERBJ5J8Duq"},"programStageDataElements":[],"executionDateLabel":"Visit date","autoGenerateEvent":false,"validationStrategy":"ON_COMPLETE","displayGenerateEventBox":false,"blockEntryForm":false,"preGenerateUID":false,"remindCompleted":false,"generatedByEnrollmentDate":false,"allowGenerateNextVisit":false,"openAfterEnrollment":false,"sortOrder":2,"hideDueDate":true,"enableUserAssignment":false,"referral":false,"repeatable":true,"id":"AysI51kdshR","attributeValues":[],"programStageSections":[],"notificationTemplates":[]},{"name":"LiverCP Stage","created":"2026-02-17T18:24:02.521","lastUpdated":"2026-02-17T18:24:02.521","translations":[],"createdBy":{"id":"M5zQapPyTZI","code":"admin","name":"admin admin","displayName":"admin admin","username":"admin"},"lastUpdatedBy":{"id":"M5zQapPyTZI","code":"admin","name":"admin admin","displayName":"admin admin","username":"admin"},"sharing":{"owner":"M5zQapPyTZI","external":false,"users":{},"userGroups":{},"public":"--------"},"minDaysFromStart":0,"program":{"id":"KERBJ5J8Duq"},"programStageDataElements":[],"executionDateLabel":"Visit date","autoGenerateEvent":false,"validationStrategy":"ON_COMPLETE","displayGenerateEventBox":false,"blockEntryForm":false,"preGenerateUID":false,"remindCompleted":false,"generatedByEnrollmentDate":false,"allowGenerateNextVisit":false,"openAfterEnrollment":false,"sortOrder":3,"hideDueDate":true,"enableUserAssignment":false,"referral":false,"repeatable":true,"id":"CNPNNwDdN89","attributeValues":[],"programStageSections":[],"notificationTemplates":[]},{"name":"LiverCP Stage","created":"2026-02-17T18:24:02.521","lastUpdated":"2026-02-17T18:24:02.521","translations":[],"createdBy":{"id":"M5zQapPyTZI","code":"admin","name":"admin admin","displayName":"admin admin","username":"admin"},"lastUpdatedBy":{"id":"M5zQapPyTZI","code":"admin","name":"admin admin","displayName":"admin admin","username":"admin"},"sharing":{"owner":"M5zQapPyTZI","external":false,"users":{},"userGroups":{},"public":"--------"},"minDaysFromStart":0,"program":{"id":"KERBJ5J8Duq"},"programStageDataElements":[],"executionDateLabel":"Visit date","autoGenerateEvent":false,"validationStrategy":"ON_COMPLETE","displayGenerateEventBox":false,"blockEntryForm":false,"preGenerateUID":false,"remindCompleted":false,"generatedByEnrollmentDate":false,"allowGenerateNextVisit":false,"openAfterEnrollment":false,"sortOrder":4,"hideDueDate":true,"enableUserAssignment":false,"referral":false,"repeatable":true,"id":"GB6IvuhtGMW","attributeValues":[],"programStageSections":[],"notificationTemplates":[]},{"name":"LCP Stage","created":"2026-02-17T18:24:02.521","lastUpdated":"2026-02-17T18:24:02.521","translations":[],"createdBy":{"id":"M5zQapPyTZI","code":"admin","name":"admin admin","displayName":"admin admin","username":"admin"},"lastUpdatedBy":{"id":"M5zQapPyTZI","code":"admin","name":"admin admin","displayName":"admin admin","username":"admin"},"sharing":{"owner":"M5zQapPyTZI","external":false,"users":{},"userGroups":{},"public":"--------"},"minDaysFromStart":0,"program":{"id":"hx6VO639dPF"},"programStageDataElements":[],"executionDateLabel":"Visit date","autoGenerateEvent":false,"validationStrategy":"ON_COMPLETE","displayGenerateEventBox":false,"blockEntryForm":false,"preGenerateUID":false,"remindCompleted":false,"generatedByEnrollmentDate":false,"allowGenerateNextVisit":false,"openAfterEnrollment":false,"sortOrder":1,"hideDueDate":true,"enableUserAssignment":false,"referral":false,"repeatable":true,"id":"MeD0JR1jKsB","attributeValues":[],"programStageSections":[],"notificationTemplates":[]},{"name":"LCP Stage","created":"2026-02-17T18:24:02.521","lastUpdated":"2026-02-17T18:24:02.521","translations":[],"createdBy":{"id":"M5zQapPyTZI","code":"admin","name":"admin admin","displayName":"admin admin","username":"admin"},"lastUpdatedBy":{"id":"M5zQapPyTZI","code":"admin","name":"admin admin","displayName":"admin admin","username":"admin"},"sharing":{"owner":"M5zQapPyTZI","external":false,"users":{},"userGroups":{},"public":"--------"},"minDaysFromStart":0,"program":{"id":"hx6VO639dPF"},"programStageDataElements":[],"executionDateLabel":"Visit date","autoGenerateEvent":false,"validationStrategy":"ON_COMPLETE","displayGenerateEventBox":false,"blockEntryForm":false,"preGenerateUID":false,"remindCompleted":false,"generatedByEnrollmentDate":false,"allowGenerateNextVisit":false,"openAfterEnrollment":false,"sortOrder":2,"hideDueDate":true,"enableUserAssignment":false,"referral":false,"repeatable":true,"id":"wUktBFasFCB","attributeValues":[],"programStageSections":[],"notificationTemplates":[]},{"name":"LCP Stage","created":"2026-02-17T18:24:02.521","lastUpdated":"2026-02-17T18:24:02.521","translations":[],"createdBy":{"id":"M5zQapPyTZI","code":"admin","name":"admin admin","displayName":"admin admin","username":"admin"},"lastUpdatedBy":{"id":"M5zQapPyTZI","code":"admin","name":"admin admin","displayName":"admin admin","username":"admin"},"sharing":{"owner":"M5zQapPyTZI","external":false,"users":{},"userGroups":{},"public":"--------"},"minDaysFromStart":0,"program":{"id":"hx6VO639dPF"},"programStageDataElements":[],"executionDateLabel":"Visit date","autoGenerateEvent":false,"validationStrategy":"ON_COMPLETE","displayGenerateEventBox":false,"blockEntryForm":false,"preGenerateUID":false,"remindCompleted":false,"generatedByEnrollmentDate":false,"allowGenerateNextVisit":false,"openAfterEnrollment":false,"sortOrder":3,"hideDueDate":true,"enableUserAssignment":false,"referral":false,"repeatable":true,"id":"pXGDMiPAENu","attributeValues":[],"programStageSections":[],"notificationTemplates":[]},{"name":"LCP Stage","created":"2026-02-17T18:24:02.521","lastUpdated":"2026-02-17T18:24:02.521","translations":[],"createdBy":{"id":"M5zQapPyTZI","code":"admin","name":"admin admin","displayName":"admin admin","username":"admin"},"lastUpdatedBy":{"id":"M5zQapPyTZI","code":"admin","name":"admin admin","displayName":"admin admin","username":"admin"},"sharing":{"owner":"M5zQapPyTZI","external":false,"users":{},"userGroups":{},"public":"--------"},"minDaysFromStart":0,"program":{"id":"hx6VO639dPF"},"programStageDataElements":[],"executionDateLabel":"Visit date","autoGenerateEvent":false,"validationStrategy":"ON_COMPLETE","displayGenerateEventBox":false,"blockEntryForm":false,"preGenerateUID":false,"remindCompleted":false,"generatedByEnrollmentDate":false,"allowGenerateNextVisit":false,"openAfterEnrollment":false,"sortOrder":4,"hideDueDate":true,"enableUserAssignment":false,"referral":false,"repeatable":true,"id":"C1u5KbTjFCx","attributeValues":[],"programStageSections":[],"notificationTemplates":[]},{"name":"LymphCP Stage","created":"2026-02-17T18:24:02.521","lastUpdated":"2026-02-17T18:24:02.521","translations":[],"createdBy":{"id":"M5zQapPyTZI","code":"admin","name":"admin admin","displayName":"admin admin","username":"admin"},"lastUpdatedBy":{"id":"M5zQapPyTZI","code":"admin","name":"admin admin","displayName":"admin admin","username":"admin"},"sharing":{"owner":"M5zQapPyTZI","external":false,"users":{},"userGroups":{},"public":"--------"},"minDaysFromStart":0,"program":{"id":"Fub5FTJSj9T"},"programStageDataElements":[],"executionDateLabel":"Visit date","autoGenerateEvent":false,"validationStrategy":"ON_COMPLETE","displayGenerateEventBox":false,"blockEntryForm":false,"preGenerateUID":false,"remindCompleted":false,"generatedByEnrollmentDate":false,"allowGenerateNextVisit":false,"openAfterEnrollment":false,"sortOrder":1,"hideDueDate":true,"enableUserAssignment":false,"referral":false,"repeatable":true,"id":"XN9mrEr2ZwE","attributeValues":[],"programStageSections":[],"notificationTemplates":[]},{"name":"LymphCP Stage","created":"2026-02-17T18:24:02.521","lastUpdated":"2026-02-17T18:24:02.521","translations":[],"createdBy":{"id":"M5zQapPyTZI","code":"admin","name":"admin admin","displayName":"admin admin","username":"admin"},"lastUpdatedBy":{"id":"M5zQapPyTZI","code":"admin","name":"admin admin","displayName":"admin admin","username":"admin"},"sharing":{"owner":"M5zQapPyTZI","external":false,"users":{},"userGroups":{},"public":"--------"},"minDaysFromStart":0,"program":{"id":"Fub5FTJSj9T"},"programStageDataElements":[],"executionDateLabel":"Visit date","autoGenerateEvent":false,"validationStrategy":"ON_COMPLETE","displayGenerateEventBox":false,"blockEntryForm":false,"preGenerateUID":false,"remindCompleted":false,"generatedByEnrollmentDate":false,"allowGenerateNextVisit":false,"openAfterEnrollment":false,"sortOrder":2,"hideDueDate":true,"enableUserAssignment":false,"referral":false,"repeatable":true,"id":"abG5W3K3m1y","attributeValues":[],"programStageSections":[],"notificationTemplates":[]},{"name":"LymphCP Stage","created":"2026-02-17T18:24:02.521","lastUpdated":"2026-02-17T18:24:02.521","translations":[],"createdBy":{"id":"M5zQapPyTZI","code":"admin","name":"admin admin","displayName":"admin admin","username":"admin"},"lastUpdatedBy":{"id":"M5zQapPyTZI","code":"admin","name":"admin admin","displayName":"admin admin","username":"admin"},"sharing":{"owner":"M5zQapPyTZI","external":false,"users":{},"userGroups":{},"public":"--------"},"minDaysFromStart":0,"program":{"id":"Fub5FTJSj9T"},"programStageDataElements":[],"executionDateLabel":"Visit date","autoGenerateEvent":false,"validationStrategy":"ON_COMPLETE","displayGenerateEventBox":false,"blockEntryForm":false,"preGenerateUID":false,"remindCompleted":false,"generatedByEnrollmentDate":false,"allowGenerateNextVisit":false,"openAfterEnrollment":false,"sortOrder":3,"hideDueDate":true,"enableUserAssignment":false,"referral":false,"repeatable":true,"id":"ZZ0H5PniykT","attributeValues":[],"programStageSections":[],"notificationTemplates":[]},{"name":"LymphCP Stage","created":"2026-02-17T18:24:02.521","lastUpdated":"2026-02-17T18:24:02.521","translations":[],"createdBy":{"id":"M5zQapPyTZI","code":"admin","name":"admin admin","displayName":"admin admin","username":"admin"},"lastUpdatedBy":{"id":"M5zQapPyTZI","code":"admin","name":"admin admin","displayName":"admin admin","username":"admin"},"sharing":{"owner":"M5zQapPyTZI","external":false,"users":{},"userGroups":{},"public":"--------"},"minDaysFromStart":0,"program":{"id":"Fub5FTJSj9T"},"programStageDataElements":[],"executionDateLabel":"Visit date","autoGenerateEvent":false,"validationStrategy":"ON_COMPLETE","displayGenerateEventBox":false,"blockEntryForm":false,"preGenerateUID":false,"remindCompleted":false,"generatedByEnrollmentDate":false,"allowGenerateNextVisit":false,"openAfterEnrollment":false,"sortOrder":4,"hideDueDate":true,"enableUserAssignment":false,"referral":false,"repeatable":true,"id":"zD5YbV56tTb","attributeValues":[],"programStageSections":[],"notificationTemplates":[]},{"name":"OHNCP Stage","created":"2026-02-17T18:24:02.521","lastUpdated":"2026-02-17T18:24:02.521","translations":[],"createdBy":{"id":"M5zQapPyTZI","code":"admin","name":"admin admin","displayName":"admin admin","username":"admin"},"lastUpdatedBy":{"id":"M5zQapPyTZI","code":"admin","name":"admin admin","displayName":"admin admin","username":"admin"},"sharing":{"owner":"M5zQapPyTZI","external":false,"users":{},"userGroups":{},"public":"--------"},"minDaysFromStart":0,"program":{"id":"rqzY2Z2gq4t"},"programStageDataElements":[],"executionDateLabel":"Visit date","autoGenerateEvent":false,"validationStrategy":"ON_COMPLETE","displayGenerateEventBox":false,"blockEntryForm":false,"preGenerateUID":false,"remindCompleted":false,"generatedByEnrollmentDate":false,"allowGenerateNextVisit":false,"openAfterEnrollment":false,"sortOrder":1,"hideDueDate":true,"enableUserAssignment":false,"referral":false,"repeatable":true,"id":"OgESkUFykJD","attributeValues":[],"programStageSections":[],"notificationTemplates":[]},{"name":"OHNCP Stage","created":"2026-02-17T18:24:02.521","lastUpdated":"2026-02-17T18:24:02.521","translations":[],"createdBy":{"id":"M5zQapPyTZI","code":"admin","name":"admin admin","displayName":"admin admin","username":"admin"},"lastUpdatedBy":{"id":"M5zQapPyTZI","code":"admin","name":"admin admin","displayName":"admin admin","username":"admin"},"sharing":{"owner":"M5zQapPyTZI","external":false,"users":{},"userGroups":{},"public":"--------"},"minDaysFromStart":0,"program":{"id":"rqzY2Z2gq4t"},"programStageDataElements":[],"executionDateLabel":"Visit date","autoGenerateEvent":false,"validationStrategy":"ON_COMPLETE","displayGenerateEventBox":false,"blockEntryForm":false,"preGenerateUID":false,"remindCompleted":false,"generatedByEnrollmentDate":false,"allowGenerateNextVisit":false,"openAfterEnrollment":false,"sortOrder":2,"hideDueDate":true,"enableUserAssignment":false,"referral":false,"repeatable":true,"id":"fko9xTUg9vV","attributeValues":[],"programStageSections":[],"notificationTemplates":[]},{"name":"OHNCP Stage","created":"2026-02-17T18:24:02.521","lastUpdated":"2026-02-17T18:24:02.521","translations":[],"createdBy":{"id":"M5zQapPyTZI","code":"admin","name":"admin admin","displayName":"admin admin","username":"admin"},"lastUpdatedBy":{"id":"M5zQapPyTZI","code":"admin","name":"admin admin","displayName":"admin admin","username":"admin"},"sharing":{"owner":"M5zQapPyTZI","external":false,"users":{},"userGroups":{},"public":"--------"},"minDaysFromStart":0,"program":{"id":"rqzY2Z2gq4t"},"programStageDataElements":[],"executionDateLabel":"Visit date","autoGenerateEvent":false,"validationStrategy":"ON_COMPLETE","displayGenerateEventBox":false,"blockEntryForm":false,"preGenerateUID":false,"remindCompleted":false,"generatedByEnrollmentDate":false,"allowGenerateNextVisit":false,"openAfterEnrollment":false,"sortOrder":3,"hideDueDate":true,"enableUserAssignment":false,"referral":false,"repeatable":true,"id":"bAQvSPwtQMe","attributeValues":[],"programStageSections":[],"notificationTemplates":[]},{"name":"OHNCP Stage","created":"2026-02-17T18:24:02.521","lastUpdated":"2026-02-17T18:24:02.521","translations":[],"createdBy":{"id":"M5zQapPyTZI","code":"admin","name":"admin admin","displayName":"admin admin","username":"admin"},"lastUpdatedBy":{"id":"M5zQapPyTZI","code":"admin","name":"admin admin","displayName":"admin admin","username":"admin"},"sharing":{"owner":"M5zQapPyTZI","external":false,"users":{},"userGroups":{},"public":"--------"},"minDaysFromStart":0,"program":{"id":"rqzY2Z2gq4t"},"programStageDataElements":[],"executionDateLabel":"Visit date","autoGenerateEvent":false,"validationStrategy":"ON_COMPLETE","displayGenerateEventBox":false,"blockEntryForm":false,"preGenerateUID":false,"remindCompleted":false,"generatedByEnrollmentDate":false,"allowGenerateNextVisit":false,"openAfterEnrollment":false,"sortOrder":4,"hideDueDate":true,"enableUserAssignment":false,"referral":false,"repeatable":true,"id":"ViVdawYrMcO","attributeValues":[],"programStageSections":[],"notificationTemplates":[]},{"name":"OCP Stage","created":"2026-02-17T18:24:02.521","lastUpdated":"2026-02-17T18:24:02.521","translations":[],"createdBy":{"id":"M5zQapPyTZI","code":"admin","name":"admin admin","displayName":"admin admin","username":"admin"},"lastUpdatedBy":{"id":"M5zQapPyTZI","code":"admin","name":"admin admin","displayName":"admin admin","username":"admin"},"sharing":{"owner":"M5zQapPyTZI","external":false,"users":{},"userGroups":{},"public":"--------"},"minDaysFromStart":0,"program":{"id":"QnG6Fe9WGUX"},"programStageDataElements":[],"executionDateLabel":"Visit date","autoGenerateEvent":false,"validationStrategy":"ON_COMPLETE","displayGenerateEventBox":false,"blockEntryForm":false,"preGenerateUID":false,"remindCompleted":false,"generatedByEnrollmentDate":false,"allowGenerateNextVisit":false,"openAfterEnrollment":false,"sortOrder":1,"hideDueDate":true,"enableUserAssignment":false,"referral":false,"repeatable":true,"id":"IkoG7BADSxp","attributeValues":[],"programStageSections":[],"notificationTemplates":[]},{"name":"OCP Stage","created":"2026-02-17T18:24:02.521","lastUpdated":"2026-02-17T18:24:02.521","translations":[],"createdBy":{"id":"M5zQapPyTZI","code":"admin","name":"admin admin","displayName":"admin admin","username":"admin"},"lastUpdatedBy":{"id":"M5zQapPyTZI","code":"admin","name":"admin admin","displayName":"admin admin","username":"admin"},"sharing":{"owner":"M5zQapPyTZI","external":false,"users":{},"userGroups":{},"public":"--------"},"minDaysFromStart":0,"program":{"id":"QnG6Fe9WGUX"},"programStageDataElements":[],"executionDateLabel":"Visit date","autoGenerateEvent":false,"validationStrategy":"ON_COMPLETE","displayGenerateEventBox":false,"blockEntryForm":false,"preGenerateUID":false,"remindCompleted":false,"generatedByEnrollmentDate":false,"allowGenerateNextVisit":false,"openAfterEnrollment":false,"sortOrder":2,"hideDueDate":true,"enableUserAssignment":false,"referral":false,"repeatable":true,"id":"bRLJSATQnAg","attributeValues":[],"programStageSections":[],"notificationTemplates":[]},{"name":"OCP Stage","created":"2026-02-17T18:24:02.521","lastUpdated":"2026-02-17T18:24:02.521","translations":[],"createdBy":{"id":"M5zQapPyTZI","code":"admin","name":"admin admin","displayName":"admin admin","username":"admin"},"lastUpdatedBy":{"id":"M5zQapPyTZI","code":"admin","name":"admin admin","displayName":"admin admin","username":"admin"},"sharing":{"owner":"M5zQapPyTZI","external":false,"users":{},"userGroups":{},"public":"--------"},"minDaysFromStart":0,"program":{"id":"QnG6Fe9WGUX"},"programStageDataElements":[],"executionDateLabel":"Visit date","autoGenerateEvent":false,"validationStrategy":"ON_COMPLETE","displayGenerateEventBox":false,"blockEntryForm":false,"preGenerateUID":false,"remindCompleted":false,"generatedByEnrollmentDate":false,"allowGenerateNextVisit":false,"openAfterEnrollment":false,"sortOrder":3,"hideDueDate":true,"enableUserAssignment":false,"referral":false,"repeatable":true,"id":"TqERcTNbmHT","attributeValues":[],"programStageSections":[],"notificationTemplates":[]},{"name":"OCP Stage","created":"2026-02-17T18:24:02.521","lastUpdated":"2026-02-17T18:24:02.521","translations":[],"createdBy":{"id":"M5zQapPyTZI","code":"admin","name":"admin admin","displayName":"admin admin","username":"admin"},"lastUpdatedBy":{"id":"M5zQapPyTZI","code":"admin","name":"admin admin","displayName":"admin admin","username":"admin"},"sharing":{"owner":"M5zQapPyTZI","external":false,"users":{},"userGroups":{},"public":"--------"},"minDaysFromStart":0,"program":{"id":"QnG6Fe9WGUX"},"programStageDataElements":[],"executionDateLabel":"Visit date","autoGenerateEvent":false,"validationStrategy":"ON_COMPLETE","displayGenerateEventBox":false,"blockEntryForm":false,"preGenerateUID":false,"remindCompleted":false,"generatedByEnrollmentDate":false,"allowGenerateNextVisit":false,"openAfterEnrollment":false,"sortOrder":4,"hideDueDate":true,"enableUserAssignment":false,"referral":false,"repeatable":true,"id":"RohA2LOIolu","attributeValues":[],"programStageSections":[],"notificationTemplates":[]},{"name":"PanCP Stage","created":"2026-02-17T18:24:02.521","lastUpdated":"2026-02-17T18:24:02.521","translations":[],"createdBy":{"id":"M5zQapPyTZI","code":"admin","name":"admin admin","displayName":"admin admin","username":"admin"},"lastUpdatedBy":{"id":"M5zQapPyTZI","code":"admin","name":"admin admin","displayName":"admin admin","username":"admin"},"sharing":{"owner":"M5zQapPyTZI","external":false,"users":{},"userGroups":{},"public":"--------"},"minDaysFromStart":0,"program":{"id":"Y1i24KERJb5"},"programStageDataElements":[],"executionDateLabel":"Visit date","autoGenerateEvent":false,"validationStrategy":"ON_COMPLETE","displayGenerateEventBox":false,"blockEntryForm":false,"preGenerateUID":false,"remindCompleted":false,"generatedByEnrollmentDate":false,"allowGenerateNextVisit":false,"openAfterEnrollment":false,"sortOrder":1,"hideDueDate":true,"enableUserAssignment":false,"referral":false,"repeatable":true,"id":"Cq4ezpzOR6a","attributeValues":[],"programStageSections":[],"notificationTemplates":[]},{"name":"PanCP Stage","created":"2026-02-17T18:24:02.521","lastUpdated":"2026-02-17T18:24:02.521","translations":[],"createdBy":{"id":"M5zQapPyTZI","code":"admin","name":"admin admin","displayName":"admin admin","username":"admin"},"lastUpdatedBy":{"id":"M5zQapPyTZI","code":"admin","name":"admin admin","displayName":"admin admin","username":"admin"},"sharing":{"owner":"M5zQapPyTZI","external":false,"users":{},"userGroups":{},"public":"--------"},"minDaysFromStart":0,"program":{"id":"Y1i24KERJb5"},"programStageDataElements":[],"executionDateLabel":"Visit date","autoGenerateEvent":false,"validationStrategy":"ON_COMPLETE","displayGenerateEventBox":false,"blockEntryForm":false,"preGenerateUID":false,"remindCompleted":false,"generatedByEnrollmentDate":false,"allowGenerateNextVisit":false,"openAfterEnrollment":false,"sortOrder":2,"hideDueDate":true,"enableUserAssignment":false,"referral":false,"repeatable":true,"id":"AZ5QMwfo3aM","attributeValues":[],"programStageSections":[],"notificationTemplates":[]},{"name":"PanCP Stage","created":"2026-02-17T18:24:02.521","lastUpdated":"2026-02-17T18:24:02.521","translations":[],"createdBy":{"id":"M5zQapPyTZI","code":"admin","name":"admin admin","displayName":"admin admin","username":"admin"},"lastUpdatedBy":{"id":"M5zQapPyTZI","code":"admin","name":"admin admin","displayName":"admin admin","username":"admin"},"sharing":{"owner":"M5zQapPyTZI","external":false,"users":{},"userGroups":{},"public":"--------"},"minDaysFromStart":0,"program":{"id":"Y1i24KERJb5"},"programStageDataElements":[],"executionDateLabel":"Visit date","autoGenerateEvent":false,"validationStrategy":"ON_COMPLETE","displayGenerateEventBox":false,"blockEntryForm":false,"preGenerateUID":false,"remindCompleted":false,"generatedByEnrollmentDate":false,"allowGenerateNextVisit":false,"openAfterEnrollment":false,"sortOrder":3,"hideDueDate":true,"enableUserAssignment":false,"referral":false,"repeatable":true,"id":"gDI3JnFiOkP","attributeValues":[],"programStageSections":[],"notificationTemplates":[]},{"name":"PanCP Stage","created":"2026-02-17T18:24:02.521","lastUpdated":"2026-02-17T18:24:02.521","translations":[],"createdBy":{"id":"M5zQapPyTZI","code":"admin","name":"admin admin","displayName":"admin admin","username":"admin"},"lastUpdatedBy":{"id":"M5zQapPyTZI","code":"admin","name":"admin admin","displayName":"admin admin","username":"admin"},"sharing":{"owner":"M5zQapPyTZI","external":false,"users":{},"userGroups":{},"public":"--------"},"minDaysFromStart":0,"program":{"id":"Y1i24KERJb5"},"programStageDataElements":[],"executionDateLabel":"Visit date","autoGenerateEvent":false,"validationStrategy":"ON_COMPLETE","displayGenerateEventBox":false,"blockEntryForm":false,"preGenerateUID":false,"remindCompleted":false,"generatedByEnrollmentDate":false,"allowGenerateNextVisit":false,"openAfterEnrollment":false,"sortOrder":4,"hideDueDate":true,"enableUserAssignment":false,"referral":false,"repeatable":true,"id":"cT6bqmIYm91","attributeValues":[],"programStageSections":[],"notificationTemplates":[]},{"name":"PCP Stage","created":"2026-02-17T18:24:02.521","lastUpdated":"2026-02-17T18:24:02.521","translations":[],"createdBy":{"id":"M5zQapPyTZI","code":"admin","name":"admin admin","displayName":"admin admin","username":"admin"},"lastUpdatedBy":{"id":"M5zQapPyTZI","code":"admin","name":"admin admin","displayName":"admin admin","username":"admin"},"sharing":{"owner":"M5zQapPyTZI","external":false,"users":{},"userGroups":{},"public":"--------"},"minDaysFromStart":0,"program":{"id":"CWgl2tSQLag"},"programStageDataElements":[],"executionDateLabel":"Visit date","autoGenerateEvent":false,"validationStrategy":"ON_COMPLETE","displayGenerateEventBox":false,"blockEntryForm":false,"preGenerateUID":false,"remindCompleted":false,"generatedByEnrollmentDate":false,"allowGenerateNextVisit":false,"openAfterEnrollment":false,"sortOrder":1,"hideDueDate":true,"enableUserAssignment":false,"referral":false,"repeatable":true,"id":"lwlDIqychxn","attributeValues":[],"programStageSections":[],"notificationTemplates":[]},{"name":"PCP Stage","created":"2026-02-17T18:24:02.521","lastUpdated":"2026-02-17T18:24:02.521","translations":[],"createdBy":{"id":"M5zQapPyTZI","code":"admin","name":"admin admin","displayName":"admin admin","username":"admin"},"lastUpdatedBy":{"id":"M5zQapPyTZI","code":"admin","name":"admin admin","displayName":"admin admin","username":"admin"},"sharing":{"owner":"M5zQapPyTZI","external":false,"users":{},"userGroups":{},"public":"--------"},"minDaysFromStart":0,"program":{"id":"CWgl2tSQLag"},"programStageDataElements":[],"executionDateLabel":"Visit date","autoGenerateEvent":false,"validationStrategy":"ON_COMPLETE","displayGenerateEventBox":false,"blockEntryForm":false,"preGenerateUID":false,"remindCompleted":false,"generatedByEnrollmentDate":false,"allowGenerateNextVisit":false,"openAfterEnrollment":false,"sortOrder":2,"hideDueDate":true,"enableUserAssignment":false,"referral":false,"repeatable":true,"id":"UAOIkaq241K","attributeValues":[],"programStageSections":[],"notificationTemplates":[]},{"name":"PCP Stage","created":"2026-02-17T18:24:02.521","lastUpdated":"2026-02-17T18:24:02.521","translations":[],"createdBy":{"id":"M5zQapPyTZI","code":"admin","name":"admin admin","displayName":"admin admin","username":"admin"},"lastUpdatedBy":{"id":"M5zQapPyTZI","code":"admin","name":"admin admin","displayName":"admin admin","username":"admin"},"sharing":{"owner":"M5zQapPyTZI","external":false,"users":{},"userGroups":{},"public":"--------"},"minDaysFromStart":0,"program":{"id":"CWgl2tSQLag"},"programStageDataElements":[],"executionDateLabel":"Visit date","autoGenerateEvent":false,"validationStrategy":"ON_COMPLETE","displayGenerateEventBox":false,"blockEntryForm":false,"preGenerateUID":false,"remindCompleted":false,"generatedByEnrollmentDate":false,"allowGenerateNextVisit":false,"openAfterEnrollment":false,"sortOrder":3,"hideDueDate":true,"enableUserAssignment":false,"referral":false,"repeatable":true,"id":"ta0kfTUt4pT","attributeValues":[],"programStageSections":[],"notificationTemplates":[]},{"name":"PCP Stage","created":"2026-02-17T18:24:02.521","lastUpdated":"2026-02-17T18:24:02.521","translations":[],"createdBy":{"id":"M5zQapPyTZI","code":"admin","name":"admin admin","displayName":"admin admin","username":"admin"},"lastUpdatedBy":{"id":"M5zQapPyTZI","code":"admin","name":"admin admin","displayName":"admin admin","username":"admin"},"sharing":{"owner":"M5zQapPyTZI","external":false,"users":{},"userGroups":{},"public":"--------"},"minDaysFromStart":0,"program":{"id":"CWgl2tSQLag"},"programStageDataElements":[],"executionDateLabel":"Visit date","autoGenerateEvent":false,"validationStrategy":"ON_COMPLETE","displayGenerateEventBox":false,"blockEntryForm":false,"preGenerateUID":false,"remindCompleted":false,"generatedByEnrollmentDate":false,"allowGenerateNextVisit":false,"openAfterEnrollment":false,"sortOrder":4,"hideDueDate":true,"enableUserAssignment":false,"referral":false,"repeatable":true,"id":"ykEwkRJg097","attributeValues":[],"programStageSections":[],"notificationTemplates":[]},{"name":"SMCP Stage","created":"2026-02-17T18:24:02.521","lastUpdated":"2026-02-17T18:24:02.521","translations":[],"createdBy":{"id":"M5zQapPyTZI","code":"admin","name":"admin admin","displayName":"admin admin","username":"admin"},"lastUpdatedBy":{"id":"M5zQapPyTZI","code":"admin","name":"admin admin","displayName":"admin admin","username":"admin"},"sharing":{"owner":"M5zQapPyTZI","external":false,"users":{},"userGroups":{},"public":"--------"},"minDaysFromStart":0,"program":{"id":"ugQL4uQvCIn"},"programStageDataElements":[],"executionDateLabel":"Visit date","autoGenerateEvent":false,"validationStrategy":"ON_COMPLETE","displayGenerateEventBox":false,"blockEntryForm":false,"preGenerateUID":false,"remindCompleted":false,"generatedByEnrollmentDate":false,"allowGenerateNextVisit":false,"openAfterEnrollment":false,"sortOrder":1,"hideDueDate":true,"enableUserAssignment":false,"referral":false,"repeatable":true,"id":"PbGbZef92Op","attributeValues":[],"programStageSections":[],"notificationTemplates":[]},{"name":"SMCP Stage","created":"2026-02-17T18:24:02.521","lastUpdated":"2026-02-17T18:24:02.521","translations":[],"createdBy":{"id":"M5zQapPyTZI","code":"admin","name":"admin admin","displayName":"admin admin","username":"admin"},"lastUpdatedBy":{"id":"M5zQapPyTZI","code":"admin","name":"admin admin","displayName":"admin admin","username":"admin"},"sharing":{"owner":"M5zQapPyTZI","external":false,"users":{},"userGroups":{},"public":"--------"},"minDaysFromStart":0,"program":{"id":"ugQL4uQvCIn"},"programStageDataElements":[],"executionDateLabel":"Visit date","autoGenerateEvent":false,"validationStrategy":"ON_COMPLETE","displayGenerateEventBox":false,"blockEntryForm":false,"preGenerateUID":false,"remindCompleted":false,"generatedByEnrollmentDate":false,"allowGenerateNextVisit":false,"openAfterEnrollment":false,"sortOrder":2,"hideDueDate":true,"enableUserAssignment":false,"referral":false,"repeatable":true,"id":"n87w2fQvBNa","attributeValues":[],"programStageSections":[],"notificationTemplates":[]},{"name":"SMCP Stage","created":"2026-02-17T18:24:02.521","lastUpdated":"2026-02-17T18:24:02.521","translations":[],"createdBy":{"id":"M5zQapPyTZI","code":"admin","name":"admin admin","displayName":"admin admin","username":"admin"},"lastUpdatedBy":{"id":"M5zQapPyTZI","code":"admin","name":"admin admin","displayName":"admin admin","username":"admin"},"sharing":{"owner":"M5zQapPyTZI","external":false,"users":{},"userGroups":{},"public":"--------"},"minDaysFromStart":0,"program":{"id":"ugQL4uQvCIn"},"programStageDataElements":[],"executionDateLabel":"Visit date","autoGenerateEvent":false,"validationStrategy":"ON_COMPLETE","displayGenerateEventBox":false,"blockEntryForm":false,"preGenerateUID":false,"remindCompleted":false,"generatedByEnrollmentDate":false,"allowGenerateNextVisit":false,"openAfterEnrollment":false,"sortOrder":3,"hideDueDate":true,"enableUserAssignment":false,"referral":false,"repeatable":true,"id":"H32gSyr1QNd","attributeValues":[],"programStageSections":[],"notificationTemplates":[]},{"name":"SMCP Stage","created":"2026-02-17T18:24:02.521","lastUpdated":"2026-02-17T18:24:02.521","translations":[],"createdBy":{"id":"M5zQapPyTZI","code":"admin","name":"admin admin","displayName":"admin admin","username":"admin"},"lastUpdatedBy":{"id":"M5zQapPyTZI","code":"admin","name":"admin admin","displayName":"admin admin","username":"admin"},"sharing":{"owner":"M5zQapPyTZI","external":false,"users":{},"userGroups":{},"public":"--------"},"minDaysFromStart":0,"program":{"id":"ugQL4uQvCIn"},"programStageDataElements":[],"executionDateLabel":"Visit date","autoGenerateEvent":false,"validationStrategy":"ON_COMPLETE","displayGenerateEventBox":false,"blockEntryForm":false,"preGenerateUID":false,"remindCompleted":false,"generatedByEnrollmentDate":false,"allowGenerateNextVisit":false,"openAfterEnrollment":false,"sortOrder":4,"hideDueDate":true,"enableUserAssignment":false,"referral":false,"repeatable":true,"id":"hNy3MTBTUgC","attributeValues":[],"programStageSections":[],"notificationTemplates":[]},{"name":"SCP Stage","created":"2026-02-17T18:24:02.521","lastUpdated":"2026-02-17T18:24:02.521","translations":[],"createdBy":{"id":"M5zQapPyTZI","code":"admin","name":"admin admin","displayName":"admin admin","username":"admin"},"lastUpdatedBy":{"id":"M5zQapPyTZI","code":"admin","name":"admin admin","displayName":"admin admin","username":"admin"},"sharing":{"owner":"M5zQapPyTZI","external":false,"users":{},"userGroups":{},"public":"--------"},"minDaysFromStart":0,"program":{"id":"oAs7wAazMbg"},"programStageDataElements":[],"executionDateLabel":"Visit date","autoGenerateEvent":false,"validationStrategy":"ON_COMPLETE","displayGenerateEventBox":false,"blockEntryForm":false,"preGenerateUID":false,"remindCompleted":false,"generatedByEnrollmentDate":false,"allowGenerateNextVisit":false,"openAfterEnrollment":false,"sortOrder":1,"hideDueDate":true,"enableUserAssignment":false,"referral":false,"repeatable":true,"id":"WJBvxOHYHP6","attributeValues":[],"programStageSections":[],"notificationTemplates":[]},{"name":"SCP Stage","created":"2026-02-17T18:24:02.521","lastUpdated":"2026-02-17T18:24:02.521","translations":[],"createdBy":{"id":"M5zQapPyTZI","code":"admin","name":"admin admin","displayName":"admin admin","username":"admin"},"lastUpdatedBy":{"id":"M5zQapPyTZI","code":"admin","name":"admin admin","displayName":"admin admin","username":"admin"},"sharing":{"owner":"M5zQapPyTZI","external":false,"users":{},"userGroups":{},"public":"--------"},"minDaysFromStart":0,"program":{"id":"oAs7wAazMbg"},"programStageDataElements":[],"executionDateLabel":"Visit date","autoGenerateEvent":false,"validationStrategy":"ON_COMPLETE","displayGenerateEventBox":false,"blockEntryForm":false,"preGenerateUID":false,"remindCompleted":false,"generatedByEnrollmentDate":false,"allowGenerateNextVisit":false,"openAfterEnrollment":false,"sortOrder":2,"hideDueDate":true,"enableUserAssignment":false,"referral":false,"repeatable":true,"id":"alG9NgyEGD2","attributeValues":[],"programStageSections":[],"notificationTemplates":[]},{"name":"SCP Stage","created":"2026-02-17T18:24:02.521","lastUpdated":"2026-02-17T18:24:02.521","translations":[],"createdBy":{"id":"M5zQapPyTZI","code":"admin","name":"admin admin","displayName":"admin admin","username":"admin"},"lastUpdatedBy":{"id":"M5zQapPyTZI","code":"admin","name":"admin admin","displayName":"admin admin","username":"admin"},"sharing":{"owner":"M5zQapPyTZI","external":false,"users":{},"userGroups":{},"public":"--------"},"minDaysFromStart":0,"program":{"id":"oAs7wAazMbg"},"programStageDataElements":[],"executionDateLabel":"Visit date","autoGenerateEvent":false,"validationStrategy":"ON_COMPLETE","displayGenerateEventBox":false,"blockEntryForm":false,"preGenerateUID":false,"remindCompleted":false,"generatedByEnrollmentDate":false,"allowGenerateNextVisit":false,"openAfterEnrollment":false,"sortOrder":3,"hideDueDate":true,"enableUserAssignment":false,"referral":false,"repeatable":true,"id":"Cwecfe83T9O","attributeValues":[],"programStageSections":[],"notificationTemplates":[]},{"name":"SCP Stage","created":"2026-02-17T18:24:02.521","lastUpdated":"2026-02-17T18:24:02.521","translations":[],"createdBy":{"id":"M5zQapPyTZI","code":"admin","name":"admin admin","displayName":"admin admin","username":"admin"},"lastUpdatedBy":{"id":"M5zQapPyTZI","code":"admin","name":"admin admin","displayName":"admin admin","username":"admin"},"sharing":{"owner":"M5zQapPyTZI","external":false,"users":{},"userGroups":{},"public":"--------"},"minDaysFromStart":0,"program":{"id":"oAs7wAazMbg"},"programStageDataElements":[],"executionDateLabel":"Visit date","autoGenerateEvent":false,"validationStrategy":"ON_COMPLETE","displayGenerateEventBox":false,"blockEntryForm":false,"preGenerateUID":false,"remindCompleted":false,"generatedByEnrollmentDate":false,"allowGenerateNextVisit":false,"openAfterEnrollment":false,"sortOrder":4,"hideDueDate":true,"enableUserAssignment":false,"referral":false,"repeatable":true,"id":"efGXcmuqpZM","attributeValues":[],"programStageSections":[],"notificationTemplates":[]},{"name":"TestCP Stage","created":"2026-02-17T18:24:02.521","lastUpdated":"2026-02-17T18:24:02.521","translations":[],"createdBy":{"id":"M5zQapPyTZI","code":"admin","name":"admin admin","displayName":"admin admin","username":"admin"},"lastUpdatedBy":{"id":"M5zQapPyTZI","code":"admin","name":"admin admin","displayName":"admin admin","username":"admin"},"sharing":{"owner":"M5zQapPyTZI","external":false,"users":{},"userGroups":{},"public":"--------"},"minDaysFromStart":0,"program":{"id":"NEhojnkycJ9"},"programStageDataElements":[],"executionDateLabel":"Visit date","autoGenerateEvent":false,"validationStrategy":"ON_COMPLETE","displayGenerateEventBox":false,"blockEntryForm":false,"preGenerateUID":false,"remindCompleted":false,"generatedByEnrollmentDate":false,"allowGenerateNextVisit":false,"openAfterEnrollment":false,"sortOrder":1,"hideDueDate":true,"enableUserAssignment":false,"referral":false,"repeatable":true,"id":"whLTprAZLKP","attributeValues":[],"programStageSections":[],"notificationTemplates":[]},{"name":"TestCP Stage","created":"2026-02-17T18:24:02.521","lastUpdated":"2026-02-17T18:24:02.521","translations":[],"createdBy":{"id":"M5zQapPyTZI","code":"admin","name":"admin admin","displayName":"admin admin","username":"admin"},"lastUpdatedBy":{"id":"M5zQapPyTZI","code":"admin","name":"admin admin","displayName":"admin admin","username":"admin"},"sharing":{"owner":"M5zQapPyTZI","external":false,"users":{},"userGroups":{},"public":"--------"},"minDaysFromStart":0,"program":{"id":"NEhojnkycJ9"},"programStageDataElements":[],"executionDateLabel":"Visit date","autoGenerateEvent":false,"validationStrategy":"ON_COMPLETE","displayGenerateEventBox":false,"blockEntryForm":false,"preGenerateUID":false,"remindCompleted":false,"generatedByEnrollmentDate":false,"allowGenerateNextVisit":false,"openAfterEnrollment":false,"sortOrder":2,"hideDueDate":true,"enableUserAssignment":false,"referral":false,"repeatable":true,"id":"A2ckbYMh74D","attributeValues":[],"programStageSections":[],"notificationTemplates":[]},{"name":"TestCP Stage","created":"2026-02-17T18:24:02.521","lastUpdated":"2026-02-17T18:24:02.521","translations":[],"createdBy":{"id":"M5zQapPyTZI","code":"admin","name":"admin admin","displayName":"admin admin","username":"admin"},"lastUpdatedBy":{"id":"M5zQapPyTZI","code":"admin","name":"admin admin","displayName":"admin admin","username":"admin"},"sharing":{"owner":"M5zQapPyTZI","external":false,"users":{},"userGroups":{},"public":"--------"},"minDaysFromStart":0,"program":{"id":"NEhojnkycJ9"},"programStageDataElements":[],"executionDateLabel":"Visit date","autoGenerateEvent":false,"validationStrategy":"ON_COMPLETE","displayGenerateEventBox":false,"blockEntryForm":false,"preGenerateUID":false,"remindCompleted":false,"generatedByEnrollmentDate":false,"allowGenerateNextVisit":false,"openAfterEnrollment":false,"sortOrder":3,"hideDueDate":true,"enableUserAssignment":false,"referral":false,"repeatable":true,"id":"PG3i4HWxyLD","attributeValues":[],"programStageSections":[],"notificationTemplates":[]},{"name":"TestCP Stage","created":"2026-02-17T18:24:02.521","lastUpdated":"2026-02-17T18:24:02.521","translations":[],"createdBy":{"id":"M5zQapPyTZI","code":"admin","name":"admin admin","displayName":"admin admin","username":"admin"},"lastUpdatedBy":{"id":"M5zQapPyTZI","code":"admin","name":"admin admin","displayName":"admin admin","username":"admin"},"sharing":{"owner":"M5zQapPyTZI","external":false,"users":{},"userGroups":{},"public":"--------"},"minDaysFromStart":0,"program":{"id":"NEhojnkycJ9"},"programStageDataElements":[],"executionDateLabel":"Visit date","autoGenerateEvent":false,"validationStrategy":"ON_COMPLETE","displayGenerateEventBox":false,"blockEntryForm":false,"preGenerateUID":false,"remindCompleted":false,"generatedByEnrollmentDate":false,"allowGenerateNextVisit":false,"openAfterEnrollment":false,"sortOrder":4,"hideDueDate":true,"enableUserAssignment":false,"referral":false,"repeatable":true,"id":"RgtfwtnDybw","attributeValues":[],"programStageSections":[],"notificationTemplates":[]},{"name":"TCP Stage","created":"2026-02-17T18:24:02.521","lastUpdated":"2026-02-17T18:24:02.521","translations":[],"createdBy":{"id":"M5zQapPyTZI","code":"admin","name":"admin admin","displayName":"admin admin","username":"admin"},"lastUpdatedBy":{"id":"M5zQapPyTZI","code":"admin","name":"admin admin","displayName":"admin admin","username":"admin"},"sharing":{"owner":"M5zQapPyTZI","external":false,"users":{},"userGroups":{},"public":"--------"},"minDaysFromStart":0,"program":{"id":"kLcAWYQ4X2L"},"programStageDataElements":[],"executionDateLabel":"Visit date","autoGenerateEvent":false,"validationStrategy":"ON_COMPLETE","displayGenerateEventBox":false,"blockEntryForm":false,"preGenerateUID":false,"remindCompleted":false,"generatedByEnrollmentDate":false,"allowGenerateNextVisit":false,"openAfterEnrollment":false,"sortOrder":1,"hideDueDate":true,"enableUserAssignment":false,"referral":false,"repeatable":true,"id":"cZSEIfHb4DO","attributeValues":[],"programStageSections":[],"notificationTemplates":[]},{"name":"TCP Stage","created":"2026-02-17T18:24:02.521","lastUpdated":"2026-02-17T18:24:02.521","translations":[],"createdBy":{"id":"M5zQapPyTZI","code":"admin","name":"admin admin","displayName":"admin admin","username":"admin"},"lastUpdatedBy":{"id":"M5zQapPyTZI","code":"admin","name":"admin admin","displayName":"admin admin","username":"admin"},"sharing":{"owner":"M5zQapPyTZI","external":false,"users":{},"userGroups":{},"public":"--------"},"minDaysFromStart":0,"program":{"id":"kLcAWYQ4X2L"},"programStageDataElements":[],"executionDateLabel":"Visit date","autoGenerateEvent":false,"validationStrategy":"ON_COMPLETE","displayGenerateEventBox":false,"blockEntryForm":false,"preGenerateUID":false,"remindCompleted":false,"generatedByEnrollmentDate":false,"allowGenerateNextVisit":false,"openAfterEnrollment":false,"sortOrder":2,"hideDueDate":true,"enableUserAssignment":false,"referral":false,"repeatable":true,"id":"Am3upehWQhR","attributeValues":[],"programStageSections":[],"notificationTemplates":[]},{"name":"TCP Stage","created":"2026-02-17T18:24:02.521","lastUpdated":"2026-02-17T18:24:02.521","translations":[],"createdBy":{"id":"M5zQapPyTZI","code":"admin","name":"admin admin","displayName":"admin admin","username":"admin"},"lastUpdatedBy":{"id":"M5zQapPyTZI","code":"admin","name":"admin admin","displayName":"admin admin","username":"admin"},"sharing":{"owner":"M5zQapPyTZI","external":false,"users":{},"userGroups":{},"public":"--------"},"minDaysFromStart":0,"program":{"id":"kLcAWYQ4X2L"},"programStageDataElements":[],"executionDateLabel":"Visit date","autoGenerateEvent":false,"validationStrategy":"ON_COMPLETE","displayGenerateEventBox":false,"blockEntryForm":false,"preGenerateUID":false,"remindCompleted":false,"generatedByEnrollmentDate":false,"allowGenerateNextVisit":false,"openAfterEnrollment":false,"sortOrder":3,"hideDueDate":true,"enableUserAssignment":false,"referral":false,"repeatable":true,"id":"HpBhSUj2h7I","attributeValues":[],"programStageSections":[],"notificationTemplates":[]},{"name":"TCP Stage","created":"2026-02-17T18:24:02.521","lastUpdated":"2026-02-17T18:24:02.521","translations":[],"createdBy":{"id":"M5zQapPyTZI","code":"admin","name":"admin admin","displayName":"admin admin","username":"admin"},"lastUpdatedBy":{"id":"M5zQapPyTZI","code":"admin","name":"admin admin","displayName":"admin admin","username":"admin"},"sharing":{"owner":"M5zQapPyTZI","external":false,"users":{},"userGroups":{},"public":"--------"},"minDaysFromStart":0,"program":{"id":"kLcAWYQ4X2L"},"programStageDataElements":[],"executionDateLabel":"Visit date","autoGenerateEvent":false,"validationStrategy":"ON_COMPLETE","displayGenerateEventBox":false,"blockEntryForm":false,"preGenerateUID":false,"remindCompleted":false,"generatedByEnrollmentDate":false,"allowGenerateNextVisit":false,"openAfterEnrollment":false,"sortOrder":4,"hideDueDate":true,"enableUserAssignment":false,"referral":false,"repeatable":true,"id":"q9gMuhHJLn1","attributeValues":[],"programStageSections":[],"notificationTemplates":[]}]}