{"system":{"id":"039b6994-a3e7-4531-967d-d5db7fceb5eb","rev":"dfd7f48","version":"2.40.5","date":"2026-02-17T18:24:02.521+0000"},"programs":[{"name":"Prostate Cancer Program","created":"2026-02-17T18:24:02.521","lastUpdated":"2026-02-17T18:24:02.521","translations":[],"createdBy":{"id":"M5zQapPyTZI","code":"admin","name":"admin admin","displayName":"admin admin","username":"admin"},"lastUpdatedBy":{"id":"M5zQapPyTZI","code":"admin","name":"admin admin","displayName":"admin admin","username":"admin"},"sharing":{"owner":"M5zQapPyTZI","external":false,"users":{},"userGroups":{},"public":"--------"},"shortName":"PCP","description":"Prostate cancer screening, diagnosis, treatment, and follow-up program","version":1,"enrollmentDateLabel":"Enrollment date","programType":"WITH_REGISTRATION","displayIncidentDate":false,"ignoreOverdueEvents":false,"onlyEnrollOnce":true,"notificationTemplates":[],"selectEnrollmentDatesInFuture":false,"selectIncidentDatesInFuture":false,"trackedEntityType":{"id":"Tzy1eEduuLj"},"style":{"color":"#1976d2","icon":"person_outline"},"categoryCombo":{"id":"bjDvmb4bfuf"},"skipOffline":false,"displayFrontPageList":true,"useFirstStageDuringRegistration":false,"featureType":"POINT","expiryDays":0,"completeEventsExpiryDays":0,"openDaysAfterCoEndDate":0,"minAttributesRequiredToSearch":1,"maxTeiCountToReturn":0,"accessLevel":"PROTECTED","id":"CWgl2tSQLag","attributeValues":[],"organisationUnits":[{"id":"uKGCw3wyRFK"},{"id":"qeii3Bj2AoE"},{"id":"JPdikUXe2Pa"},{"id":"xK9Xoqkhop8"},{"id":"UfOBkbqHOx0"},{"id":"hsFmvG4WCzN"},{"id":"fPJ3hdwdvI7"},{"id":"BgxDov5UFz0"},{"id":"t2K6wSYEQWu"},{"id":"esqZO1LWPZ4"},{"id":"aGVfzQFRnhD"},{"id":"rLr0PoDygp2"},{"id":"B1RO0E0Kf90"},{"id":"MSAggngaBew"},{"id":"c2ZgdibkK5C"},{"id":"nuGlbIskNvJ"},{"id":"bNr26jOztrp"},{"id":"IADWoI6C5v6"},{"id":"kIugC5Dw8P5"},{"id":"MD54jQqL6RM"},{"id":"YZN4dIf2VTq"},{"id":"NNA95juno04"},{"id":"dnJgujSdEZn"},{"id":"i8Pp0foqTqb"},{"id":"N1OaSGOanSR"},{"id":"nxLX0sDFAqF"},{"id":"RBXwyBtkfnK"},{"id":"EVcDXL70fvq"},{"id":"yEeyg75UnxI"},{"id":"JNqhsmfNYls"},{"id":"nz44o4oBeAv"},{"id":"cxoPIzeQ2is"},{"id":"qiQfQD6PcFH"},{"id":"ZawxXOphsO7"},{"id":"K3mQgKI1knB"},{"id":"oftErzlHuQv"},{"id":"fs1OEUKBudn"},{"id":"qWPKR4F56CS"},{"id":"LUkbFpqElHo"},{"id":"EZ2gKbJ2tDp"},{"id":"W0mpl2ccgmE"},{"id":"Mk53sDtEspd"},{"id":"Y9OMytXMnHN"},{"id":"mdwXU447IN7"},{"id":"zM4NN4hhH5b"},{"id":"tEdvq4RyJOE"},{"id":"N91JPDfAnPI"},{"id":"fzfr3jnYqvr"},{"id":"MfijOiUsjhw"},{"id":"UnCEqbY7RBn"},{"id":"Dp7cxer6fGw"},{"id":"xzqpwPmn6xE"},{"id":"YmLhNI30SHg"},{"id":"D6ijAdImmjU"},{"id":"WdxZMqs5g1b"},{"id":"ClStzg3HUNX"},{"id":"T9SzeteM2Wi"},{"id":"xN1clD405w4"},{"id":"PDr2vMf7Sbq"},{"id":"Iil3CGXTift"},{"id":"jcFOvwr2uYR"},{"id":"B9W3DN7gMAP"},{"id":"GeeQ5pT4Ata"},{"id":"ddM5TIndfgE"},{"id":"ss6eUxENAZm"},{"id":"zZh4fg2TjCS"},{"id":"ETqETd3r7UJ"},{"id":"JToD03STsnQ"},{"id":"gDDck3ziQN5"},{"id":"vQ2RMMY67MA"},{"id":"EzGUUeDC3Fu"},{"id":"LZC7qQuUayE"},{"id":"Q5NWBPvmG2e"},{"id":"jbwnaK3gSD2"},{"id":"gBvX8CqARwt"},{"id":"g9t434vLE7N"},{"id":"vURjtBtBP40"},{"id":"BD09Xcfsb7M"},{"id":"WdtcM6kSrh0"},{"id":"byHVtjB1F5v"},{"id":"sGdmnrxgggM"},{"id":"dvLp4V4T1Cf"},{"id":"udkjFv9svtd"},{"id":"jJ5t7b5aCD1"},{"id":"V9ZKVIOuQCt"},{"id":"X1elzJAGXfN"},{"id":"dPQhgMYgsfL"},{"id":"T2VOg9HzW3U"},{"id":"TRN03bbiFNS"},{"id":"HyQPb67NpGK"},{"id":"GJim47vcM2x"},{"id":"ZKGIKoqoHdY"},{"id":"mcJowJnnxjY"},{"id":"qtjtGktRm2t"},{"id":"wE9fH9mwLhI"},{"id":"FnyBnrtKmrM"},{"id":"Zuk9tl5d7H9"},{"id":"LFH7EjmGILd"},{"id":"YM0qFmbr9Rh"},{"id":"PvEwLKd8rYn"},{"id":"sUcnIT3SSiR"},{"id":"sz37jUeCCBX"},{"id":"R236LNBT9Sm"},{"id":"ffBwswotrlJ"},{"id":"CnEgkMJRoNn"},{"id":"tA4zSnHPMr7"},{"id":"R40CIvTvuw7"},{"id":"bg5avZzLLJ2"},{"id":"p0JzU1IBlyX"},{"id":"C9v0IT0hyLJ"},{"id":"v2uLAmfQXuu"},{"id":"ECwY8FqtEzn"},{"id":"zjYX57XPBxu"},{"id":"ZXyoMRJ3RGM"},{"id":"RuCY7GEHm4n"},{"id":"pqewRJQ9IdA"},{"id":"LIXOLUllVKI"},{"id":"XH4eHnkIbJ0"},{"id":"QVHfPfs26T2"},{"id":"VHNmmmPPwJx"},{"id":"s1BJeSplWRB"},{"id":"hNjfLPpzjbg"},{"id":"i1QIsO1kAp3"},{"id":"CGvswxXEP3q"},{"id":"r8Pi6zLeFxT"},{"id":"lUomsWsL7A6"},{"id":"kDtE1LiHast"},{"id":"BADHLNP90Ge"},{"id":"LJVXg2Sb4X8"},{"id":"WVKaxo18kQS"},{"id":"KQhv80JO3W9"},{"id":"eDYJKjtyepq"},{"id":"zyLv56yFjZb"},{"id":"eIOtAZGNcim"},{"id":"OFeWvznMoPR"},{"id":"ajlRmhpANPe"},{"id":"OocmWk0GKjJ"},{"id":"pyYAxl0eGnI"},{"id":"YmWzhpL2Jn6"},{"id":"gHur1CW9vKo"},{"id":"yqhS9Gq4PX2"},{"id":"AIqnwOXxx8C"},{"id":"sV0WIclEUMl"},{"id":"NblWOTY56TS"},{"id":"QkPV6A7e74o"},{"id":"r2OXYWNUJlP"},{"id":"SNcR07dy1XB"},{"id":"SWMyC6TDs0G"},{"id":"PQTr5SZCIEA"},{"id":"GmoysL2hi4Q"},{"id":"zccMVrg6niG"},{"id":"msKNuUf1NBS"},{"id":"ON0TQNFm35Y"},{"id":"SblaJuO5fU4"},{"id":"W4zyZ4nQpbc"},{"id":"UCLqbq1NUjg"},{"id":"GJWHVKWSgtt"},{"id":"jAIELRJpu3p"},{"id":"Ict4PzvnAEx"},{"id":"ig88deJdRg3"},{"id":"oeyzdYIzwuj"},{"id":"gHjYihE74pN"},{"id":"juZeBUCqf6R"},{"id":"ND49un7u635"},{"id":"sn5CJDjjc1a"},{"id":"MZ5ty5ydNMz"},{"id":"FNShkpYM7jz"},{"id":"a8tK5zaryFC"},{"id":"Njvqxi1bo2h"},{"id":"RH9pj9dQ5uG"},{"id":"skF6GqHBnBn"},{"id":"DbA3aeuVUCb"},{"id":"CRML6tqhypY"},{"id":"uB5OsvE8PGZ"},{"id":"uPedvh3qzS1"},{"id":"Ts4pGgNwxnm"},{"id":"rvEk7kHM9DQ"},{"id":"eM59Rcdw32p"},{"id":"HHtrRNxrALx"},{"id":"lWlOfldQv7C"},{"id":"QPHYmwHARik"},{"id":"lUgylqwbxHi"},{"id":"yDugL3kTByv"},{"id":"wrdn2SNwYAh"},{"id":"JAXtrbNCiu6"},{"id":"UdfsBgLSlGx"},{"id":"Eh7g1X86RLq"},{"id":"oz5rYni4oWI"},{"id":"ckgacTOo276"},{"id":"raS3FkAX8Bo"},{"id":"e1iRHBCEMyB"},{"id":"W2dxPWrIPj0"},{"id":"LUqTkolRtQv"},{"id":"MIL37E4RNO5"},{"id":"bkbdPKyGOpK"},{"id":"VWFew5Hfrm9"},{"id":"bfUpR87z8wQ"},{"id":"rbyjmtFmHi1"},{"id":"Z18r81MiAHk"},{"id":"YG1WMmusg3l"},{"id":"jWzOTFz4i75"},{"id":"IQ5cWTwEHUG"},{"id":"LMb3RJHbD6x"},{"id":"JanXt39SLBL"},{"id":"PiljaDQL8bP"},{"id":"Rdq72kBPTfr"},{"id":"doR8gyMYGxO"},{"id":"TnXvmNU1mmT"},{"id":"HJTcwppEOiY"},{"id":"eYmCx2NYb7N"},{"id":"LGckYJbckh2"},{"id":"DVBR4Ng2ORX"},{"id":"pOfeOGeEEAu"},{"id":"TB0yEehvc4z"},{"id":"drQ4ZRcxq5Y"},{"id":"e17qfRmKvYr"},{"id":"rTTkMkTYfnt"},{"id":"dhWeKF3gbhI"},{"id":"LdSChk12sNm"},{"id":"wYGprfjWqhz"},{"id":"MKrjfN9gWvH"},{"id":"D4840Q9vwIj"},{"id":"Y2JKAoRuoFf"},{"id":"uwjPFCOPRFX"},{"id":"qh8Nup1DDcf"},{"id":"D7n1ndGWtJf"},{"id":"doUgayD9Rj5"},{"id":"M0nwvvUk36S"},{"id":"THWhiZwvxIc"},{"id":"kVnelLwdpIw"},{"id":"EbzmH8cTehA"},{"id":"ng8uund7MKX"},{"id":"DnmsuWTK4dZ"},{"id":"wCVFEDCJq9M"},{"id":"Np5eOU6jyaf"},{"id":"X5uX48GIXjd"},{"id":"qk1wu0Bwgbq"},{"id":"eraTzWYfEe2"},{"id":"IDU7yGgqnAs"},{"id":"bcZWHYpfbuF"},{"id":"LKeUW3AEWea"},{"id":"p8suatoiSWH"},{"id":"KEhRiXeFev9"},{"id":"ANkbLfhfh9n"},{"id":"QE5tqeJE0rp"},{"id":"ClVdx8bxXyW"},{"id":"xLQrHmCdrZS"},{"id":"RPxz5gws9c3"},{"id":"ofxhzHlTJXc"},{"id":"MMhN30jsGvT"},{"id":"aTK7z5LovZI"},{"id":"LKVm5UBXbkQ"},{"id":"d2dWGTTmSJr"},{"id":"b5xx6UC3atj"},{"id":"st4WCDQi5QU"},{"id":"XpeM43oZYRC"},{"id":"WkrBKr7pMAD"},{"id":"U5qTVVRJJMI"},{"id":"FNTUkZnmAKH"},{"id":"AOfv8v0OQEo"},{"id":"p7wn2r09Xm4"},{"id":"gzMznVJi2lz"},{"id":"D2n2FRIdOS4"},{"id":"yxhOmdo2CXg"},{"id":"jk6XWnmIBK1"},{"id":"veJATS0b9yW"},{"id":"yuRJwIhTu88"},{"id":"FiCA3QDJ7Y0"},{"id":"sLggBr8VDKJ"},{"id":"Dwpfbg9I65J"},{"id":"kb2ial21wCD"},{"id":"ktm5Srmh5tC"},{"id":"Iw4uM4xhuxy"},{"id":"s0DKe0VqFyT"},{"id":"Sqt8M87C3jj"},{"id":"IOGcSDB00YQ"},{"id":"lrCTB5KwSUa"},{"id":"z3gifcU1hwb"},{"id":"M88bQDDdlAm"},{"id":"HavXOgWO9ip"},{"id":"J83JtnFX18B"},{"id":"jeC3h61AhCi"},{"id":"IgIxIP14Ihj"},{"id":"DLQvaxjwBRd"},{"id":"CrS6Bg0maZI"},{"id":"nUmA29oGLjw"},{"id":"MrFsJ1yM2Mb"},{"id":"cfGenbNpmaH"},{"id":"FI2bIyoDzdz"},{"id":"BCYCLAWyHqT"},{"id":"qXjkhphjUTm"},{"id":"mSVlqJ4wtUm"},{"id":"f0omxbpiUGC"},{"id":"EOCFQuZevWd"},{"id":"uVdwohlpTrw"},{"id":"AFtuvUQI0vR"},{"id":"i7PclNijeDy"},{"id":"nZ7yM5C8vUv"},{"id":"Ez9X6wuidg0"},{"id":"bb5lQJpYuB7"},{"id":"nq2cnHiuF5w"},{"id":"uL4upSXxmz7"},{"id":"hWQDG56ONzy"},{"id":"n7DbcZMpBLm"},{"id":"aDHo33DwBLV"},{"id":"oXFLdTRrvGG"},{"id":"vEfjAtoJbAQ"},{"id":"BHjukGymbeK"},{"id":"QeQCDAQfdgt"},{"id":"HoDgGnj4Ygu"},{"id":"CfwslEolrpd"},{"id":"q68Ck7V87RL"},{"id":"G5Nf55NyUwl"},{"id":"e7KvAx0XQul"},{"id":"bWixrT0q4JG"},{"id":"Wfn3i19mGML"},{"id":"huGNHWFOv6H"},{"id":"MxBTlvCxzVr"},{"id":"PwNu11haLCo"},{"id":"UwvmGcAZwqc"},{"id":"ileI96vsLvS"},{"id":"KyLevsZF9w5"},{"id":"x79c3tvMm8D"},{"id":"kb5B0Q0NrmV"},{"id":"xxeX8rv04I1"},{"id":"qSvN13zHUL3"},{"id":"ECxDESyLmfP"},{"id":"p6ihkGYHoy9"},{"id":"zNAIxOxMGAW"},{"id":"UjfB3g3REfs"},{"id":"m2PHOpQMv6A"},{"id":"yri5td63j8k"},{"id":"gfDXPYgmBfI"},{"id":"miI7pJUmQ7T"},{"id":"x3TOlH50zin"},{"id":"Kqlf7d7ZY06"},{"id":"vMIPKwQgiVn"},{"id":"mFXjKj8nrkv"},{"id":"tXMjhIt8lPr"},{"id":"wRGmcNsxG7u"},{"id":"BKjVuPzUyOi"},{"id":"Nt9AAnvj88T"},{"id":"MPytJjweNqw"},{"id":"Nwp0aPPMLjp"},{"id":"fsfFA4G4x4L"},{"id":"Eevw1KtADP0"},{"id":"P7LPtg66BtM"},{"id":"WAyHR4TPI0W"},{"id":"WLCcf9NYd6K"},{"id":"CrHps9jkj3s"},{"id":"IfjUxEe0rUB"},{"id":"gqfCiG46uCt"},{"id":"TxQSNIWyfK5"},{"id":"x4MjQhehIxV"},{"id":"YkdAa6S3zx0"},{"id":"Og1aYOXJqNK"},{"id":"MYLWOov9fpi"},{"id":"j8zdsXQVmQP"},{"id":"f8iYvGKib0x"},{"id":"tMQPrYocV2G"},{"id":"Wc1Hd3enCIG"},{"id":"gVnj0dNPqfp"},{"id":"kJ3s4OsV7Xj"},{"id":"oBZHBLN5JY8"},{"id":"cD350etVJco"},{"id":"RSxNalAsDPK"},{"id":"kZkNRsCfN37"},{"id":"H5OQqpHrfJ7"},{"id":"CdLIXFoKZ19"},{"id":"Txmd12EuyCS"},{"id":"mGEmgXfrXt9"},{"id":"jR15irytbSf"},{"id":"Taa5m70wyL1"},{"id":"gEFMW8yNxL8"},{"id":"W9nHmqjt5qE"},{"id":"Td2fvlYddwH"},{"id":"UyVjYkWtZMz"},{"id":"gDVEuOcG9q0"},{"id":"O1smci6XFER"},{"id":"eNzAIvF5l75"},{"id":"xzo4m8o44Xu"},{"id":"hHkLSP80EBl"},{"id":"KsOjmWiKdE4"},{"id":"YDdAV2R7fpa"},{"id":"o54ARnO3HwD"},{"id":"KYocH3ar9vq"},{"id":"FpTrKzyYvNZ"},{"id":"cdHtME7jz7V"},{"id":"XvgDr3MAEdp"},{"id":"bQ4HeoJsKwp"},{"id":"xDzRNevHHuM"},{"id":"pVpRq3kMOis"},{"id":"W3plfYvnlog"},{"id":"G7YelK8Uj63"},{"id":"UUVLNAopD46"},{"id":"gfH89GgYFCX"},{"id":"V9Eyu9zbfIU"},{"id":"vjpiVujuN62"},{"id":"Gc7cya5Gdy5"},{"id":"TwDvrl2lcrv"},{"id":"VPEvFGfnTTh"},{"id":"KFhA4G6l1Z1"},{"id":"J4xebr9foZ6"},{"id":"XsmiNd1hW8r"},{"id":"ChzzoXj8TNs"},{"id":"cqG5xZTl9up"},{"id":"Sf8ctjA7qjo"},{"id":"opC1CMfddeO"},{"id":"ClIVz91lFfw"},{"id":"Ym9sFa5y2aZ"},{"id":"Ii8Lz407ktd"},{"id":"p0MjgPQnq0X"},{"id":"TMdYFfDa12B"},{"id":"oDYRsa0mJIv"},{"id":"f6N4IYiwVPJ"},{"id":"YEGhoWcKBsV"},{"id":"JSr83VA27J5"},{"id":"W3CkTBxH1PO"},{"id":"olwD7YYadZ9"},{"id":"SMyvheSlUVF"},{"id":"Kw8SswXDyms"},{"id":"Uttm2O8yujd"},{"id":"bCWweDAER5v"},{"id":"gtPzpmwAGmJ"},{"id":"zVQiPcIoAM7"},{"id":"n7Osv5fr2rC"},{"id":"C8u3vg6yBeQ"},{"id":"a6UJSTuzdom"},{"id":"BnejauevWcB"},{"id":"iznsoRR8fG7"},{"id":"c779w7RUFRs"},{"id":"KmmxOmRJSMY"},{"id":"zI3hHLKkfxc"},{"id":"hdU2KOFoFDN"},{"id":"OTJQTaFAnEf"},{"id":"DJqA6VrYx41"},{"id":"FYpjNzNkRgt"},{"id":"q9Zv1UDHIkP"},{"id":"NRUFElFCzxV"},{"id":"R0A7R9v7XFp"},{"id":"slUmOIg0cEQ"},{"id":"om7VQ4rcT5a"},{"id":"XkcRlFMwnsY"},{"id":"faxn3ud3ivv"},{"id":"T7gs6cLVQ8X"},{"id":"TLRE5clKxlF"},{"id":"qHUKq1CiWcg"},{"id":"OIQKgf2W7Qg"},{"id":"psar4lJfnNN"},{"id":"BCnJK96Ba94"},{"id":"BKij9g5cp1K"},{"id":"GGTLdoDHbrR"},{"id":"p5jozoAsoS9"},{"id":"It2mEGYOzIt"},{"id":"y2JBqmDMvvr"},{"id":"yBpES83eD7R"},{"id":"DD80E48fYPI"},{"id":"K9ISp1qfyYQ"},{"id":"OTq7awafsbC"},{"id":"MsEagkRsP0T"},{"id":"GrmuwxIzxSR"},{"id":"F2KAPbj4ksO"},{"id":"xRMR0Nl1FwO"},{"id":"vpT6Q5fzp7F"},{"id":"qtR7h9Q77vJ"},{"id":"QJGUkfdSxuU"},{"id":"OH0CHyFlwEx"},{"id":"vhQLfAH9Msq"},{"id":"yfkR7dj5mKu"},{"id":"hxcCuuBOkC4"},{"id":"imLaUcaoENY"},{"id":"o8nOTSzUSvb"},{"id":"fK4mIQrHMmc"},{"id":"gTzwAQTlX9A"},{"id":"smuDezyCNrH"},{"id":"Hfta133B7Jq"},{"id":"K3e17xGMgwi"},{"id":"ZLG0hWJJfGQ"},{"id":"WNwuD4sNGoM"},{"id":"jqNFbR7ev9D"},{"id":"d1tTmgr8YRR"},{"id":"vK2vRyx3Lvp"},{"id":"eRDJ6xPvtxS"},{"id":"o4byILh6qAD"},{"id":"HyE7HapLxku"},{"id":"oErDXm7uK90"},{"id":"uLPT7ft1rde"},{"id":"fW2P4QFFJYS"},{"id":"kkxEb89xsH2"},{"id":"a3vOpPtGnpu"},{"id":"xnhfjriJ7Pn"},{"id":"CuD0dM0QHni"},{"id":"SijcYdYZVXs"}],"programStages":[{"id":"lwlDIqychxn"},{"id":"UAOIkaq241K"},{"id":"ta0kfTUt4pT"},{"id":"ykEwkRJg097"}],"programSections":[],"programTrackedEntityAttributes":[{"name":"PCP Record ID","created":"2026-02-17T18:24:02.521","lastUpdated":"2026-02-17T18:24:02.521","translations":[],"program":{"id":"CWgl2tSQLag"},"displayInList":true,"sortOrder":1,"mandatory":false,"renderOptionsAsRadio":false,"searchable":false,"displayShortName":"PCP Record ID","valueType":"TEXT","displayName":"PCP Record ID","id":"cB8mUa259Xu","trackedEntityAttribute":{"id":"mCZpmpREYsA"}},{"name":"PCP First name","created":"2026-02-17T18:24:02.521","lastUpdated":"2026-02-17T18:24:02.521","translations":[],"program":{"id":"CWgl2tSQLag"},"displayInList":true,"sortOrder":2,"mandatory":true,"renderOptionsAsRadio":false,"searchable":true,"displayShortName":"PCP First name","valueType":"TEXT","displayName":"PCP First name","id":"arozg7cAp3R","trackedEntityAttribute":{"id":"ClTANDfWNnR"}},{"name":"PCP Surname","created":"2026-02-17T18:24:02.521","lastUpdated":"2026-02-17T18:24:02.521","translations":[],"program":{"id":"CWgl2tSQLag"},"displayInList":true,"sortOrder":3,"mandatory":true,"renderOptionsAsRadio":false,"searchable":true,"displayShortName":"PCP Surname","valueType":"TEXT","displayName":"PCP Surname","id":"QiYMhYZb6S6","trackedEntityAttribute":{"id":"VmVfDOX4V8Z"}},{"name":"PCP Namibia National ID","created":"2026-02-17T18:24:02.521","lastUpdated":"2026-02-17T18:24:02.521","translations":[],"program":{"id":"CWgl2tSQLag"},"displayInList":true,"sortOrder":4,"mandatory":false,"renderOptionsAsRadio":false,"searchable":true,"displayShortName":"PCP Namibia National ID","valueType":"TEXT","displayName":"PCP Namibia National ID","id":"emchRW6vBdi","trackedEntityAttribute":{"id":"pSfGHge92Em"}},{"name":"PCP Phone number","created":"2026-02-17T18:24:02.521","lastUpdated":"2026-02-17T18:24:02.521","translations":[],"program":{"id":"CWgl2tSQLag"},"displayInList":true,"sortOrder":5,"mandatory":false,"renderOptionsAsRadio":false,"searchable":true,"displayShortName":"PCP Phone number","valueType":"PHONE_NUMBER","displayName":"PCP Phone number","id":"USCLUDcfzL8","trackedEntityAttribute":{"id":"zNqhvdgZamM"}},{"name":"PCP Date of birth","created":"2026-02-17T18:24:02.521","lastUpdated":"2026-02-17T18:24:02.521","translations":[],"program":{"id":"CWgl2tSQLag"},"displayInList":false,"sortOrder":6,"mandatory":false,"renderOptionsAsRadio":false,"searchable":false,"displayShortName":"PCP Date of birth","valueType":"DATE","displayName":"PCP Date of birth","id":"nAIk9wSaFLm","trackedEntityAttribute":{"id":"BxJoHzbYpgX"}},{"name":"PCP Age","created":"2026-02-17T18:24:02.521","lastUpdated":"2026-02-17T18:24:02.521","translations":[],"program":{"id":"CWgl2tSQLag"},"displayInList":true,"sortOrder":7,"mandatory":false,"renderOptionsAsRadio":false,"searchable":false,"displayShortName":"PCP Age","valueType":"INTEGER_ZERO_OR_POSITIVE","displayName":"PCP Age","id":"my6BUPmqvSU","trackedEntityAttribute":{"id":"Uj0RBKPda7F"}},{"name":"PCP HIV status","created":"2026-02-17T18:24:02.521","lastUpdated":"2026-02-17T18:24:02.521","translations":[],"program":{"id":"CWgl2tSQLag"},"displayInList":true,"sortOrder":8,"mandatory":false,"renderOptionsAsRadio":false,"searchable":false,"displayShortName":"PCP HIV status","valueType":"TEXT","displayName":"PCP HIV status","id":"YaQl2Xqtmaq","trackedEntityAttribute":{"id":"G5z3oSBOtxi"}},{"name":"PCP ART number","created":"2026-02-17T18:24:02.521","lastUpdated":"2026-02-17T18:24:02.521","translations":[],"program":{"id":"CWgl2tSQLag"},"displayInList":true,"sortOrder":9,"mandatory":false,"renderOptionsAsRadio":false,"searchable":true,"displayShortName":"PCP ART number","valueType":"TEXT","displayName":"PCP ART number","id":"iLSxvd7IbYw","trackedEntityAttribute":{"id":"nh3q1yEUNzZ"}}]}]}